[
  {
    "id": "6b2e7a5b-c11f-448d-8cc5-82feff804b14",
    "data": [
      {
        "text": "Is global warming helpful?",
        "userDefined": false
      }
    ],
    "isTemplate": false,
    "count": 0,
    "updated": 0
  },
  {
    "id": "72314e5c-4c37-4dd0-b71a-33bc4de00a09",
    "data": [
      {
        "text": "Can global warming help?",
        "userDefined": false
      }
    ],
    "isTemplate": false,
    "count": 0,
    "updated": 0
  },
  {
    "id": "e8318be7-d0c1-428c-b781-f100d0f08b22",
    "data": [
      {
        "text": "Is global warming good?",
        "userDefined": false
      }
    ],
    "isTemplate": false,
    "count": 0,
    "updated": 0
  },
  {
    "id": "0182aad3-829a-4f0a-830b-c037529e9028",
    "data": [
      {
        "text": "benefits of global warming",
        "userDefined": false
      }
    ],
    "isTemplate": false,
    "count": 0,
    "updated": 0
  },
  {
    "id": "38485c95-5a0a-464a-8fc2-61a62f05c3f9",
    "data": [
      {
        "text": "Are there any positive benefits from global warming?",
        "userDefined": false
      }
    ],
    "isTemplate": false,
    "count": 0,
    "updated": 0
  }
]