[
  {
    "id": "33f8f7a6-f4e8-48b4-add9-c5c0702d78f9",
    "data": [
      {
        "text": "what human activities contribute to climate change ",
        "userDefined": false
      }
    ],
    "isTemplate": false,
    "count": 0,
    "updated": 0
  },
  {
    "id": "03c75336-a7a3-47b7-82dc-99a29381d198",
    "data": [
      {
        "text": "what human activities causing climate change ",
        "userDefined": false
      }
    ],
    "isTemplate": false,
    "count": 0,
    "updated": 0
  },
  {
    "id": "2b9a70c2-b1a3-4fd4-bdf7-268af5cb6696",
    "data": [
      {
        "text": "what human activities cause climate change ",
        "userDefined": false
      }
    ],
    "isTemplate": false,
    "count": 0,
    "updated": 0
  },
  {
    "id": "8a4d0380-1208-4347-9a78-dc9fdc62514e",
    "data": [
      {
        "text": "what activities impact climate change ",
        "userDefined": false
      }
    ],
    "isTemplate": false,
    "count": 0,
    "updated": 0
  },
  {
    "id": "7d51dd55-4808-4e2c-9308-f8c28f0f2abc",
    "data": [
      {
        "text": "Do we cause global warming?",
        "userDefined": false
      }
    ],
    "isTemplate": false,
    "count": 0,
    "updated": 0
  },
  {
    "id": "4d07349c-59a9-4bbb-aa9c-0c20b3471e18",
    "data": [
      {
        "text": "Role of humans in global warming",
        "userDefined": false
      }
    ],
    "isTemplate": false,
    "count": 0,
    "updated": 0
  },
  {
    "id": "357bdb86-e46e-4767-8671-39103f69c491",
    "data": [
      {
        "text": "Humans and global warming",
        "userDefined": false
      }
    ],
    "isTemplate": false,
    "count": 0,
    "updated": 0
  },
  {
    "id": "d3fbc81e-cad7-4757-a9fc-4b1bd070884d",
    "data": [
      {
        "text": "Are humans contributing to global warming?",
        "userDefined": false
      }
    ],
    "isTemplate": false,
    "count": 0,
    "updated": 0
  },
  {
    "id": "50ac759b-8f95-4c01-84b4-66332ee2f287",
    "data": [
      {
        "text": "Are humans causing global warming?",
        "userDefined": false
      }
    ],
    "isTemplate": false,
    "count": 0,
    "updated": 0
  }
]