[
  {
    "id": "a8e10299-bfc3-4588-abbc-5bc13cba1395",
    "data": [
      {
        "text": "controlling global warming",
        "userDefined": false
      }
    ],
    "isTemplate": false,
    "count": 0,
    "updated": 0
  },
  {
    "id": "145748d6-1ce0-4dbf-987d-fb8b7c1583a8",
    "data": [
      {
        "text": "how to control global warming",
        "userDefined": false
      }
    ],
    "isTemplate": false,
    "count": 0,
    "updated": 0
  },
  {
    "id": "6caae37f-2b7c-4e34-b228-dd27f6059e62",
    "data": [
      {
        "text": "is there any way to restrict global warming",
        "userDefined": false
      }
    ],
    "isTemplate": false,
    "count": 0,
    "updated": 0
  },
  {
    "id": "12e9014e-9d75-45e6-9aa8-facc124c3af1",
    "data": [
      {
        "text": "ending global warming",
        "userDefined": false
      }
    ],
    "isTemplate": false,
    "count": 0,
    "updated": 0
  },
  {
    "id": "c4a2e2b8-b2f1-407c-9dae-8ff70aa83bf9",
    "data": [
      {
        "text": "Can we reverse global warming?",
        "userDefined": false
      }
    ],
    "isTemplate": false,
    "count": 0,
    "updated": 0
  },
  {
    "id": "7e63d29e-cd03-4a85-9876-cfa5b69765c4",
    "data": [
      {
        "text": "Can we stop global warming?",
        "userDefined": false
      }
    ],
    "isTemplate": false,
    "count": 0,
    "updated": 0
  },
  {
    "id": "d3894bfb-ac44-4e18-95f8-0705e6de11b8",
    "data": [
      {
        "text": "Can we slow global warming?",
        "userDefined": false
      }
    ],
    "isTemplate": false,
    "count": 0,
    "updated": 0
  }
]