[
  {
    "id": "43b7c829-d41b-4c57-a086-52bbb1c7d9f9",
    "data": [
      {
        "text": "What if global warming is because of the Sun?",
        "userDefined": false
      }
    ],
    "isTemplate": false,
    "count": 0,
    "updated": 0
  },
  {
    "id": "a1a60e91-963e-4b7c-8c9b-c4b780c7f071",
    "data": [
      {
        "text": "Could the Sun be releasing more energy, causing more global warming?",
        "userDefined": false
      }
    ],
    "isTemplate": false,
    "count": 0,
    "updated": 0
  },
  {
    "id": "100f8de9-52d3-478d-b3e3-16cc1fbe8b8c",
    "data": [
      {
        "text": "Could the Sun be getting warmer?",
        "userDefined": false
      }
    ],
    "isTemplate": false,
    "count": 0,
    "updated": 0
  },
  {
    "id": "50fc60ab-cd3b-41f3-ab39-8cc7c0bea968",
    "data": [
      {
        "text": "Is the Sun causing global warming?",
        "userDefined": false
      }
    ],
    "isTemplate": false,
    "count": 0,
    "updated": 0
  },
  {
    "id": "8c3d2197-e4fe-4b11-a9d4-b750c100d498",
    "data": [
      {
        "text": "Couldn\u0027t the Sun be the cause of the recent global warming?",
        "userDefined": false
      }
    ],
    "isTemplate": false,
    "count": 0,
    "updated": 0
  }
]