[
  {
    "id": "fe2e43a9-ce37-4dcc-83e3-74fd8bb7552d",
    "data": [
      {
        "text": "did the federal government sponsor next generation science standards",
        "userDefined": false
      }
    ],
    "isTemplate": false,
    "count": 0,
    "updated": 0
  },
  {
    "id": "a8d3fc2c-aebf-4d36-8a23-320f1df99073",
    "data": [
      {
        "text": "Did the federal government fund the development of NGSS?",
        "userDefined": false
      }
    ],
    "isTemplate": false,
    "count": 0,
    "updated": 0
  }
]