[
  {
    "id": "54fa6727-202b-4b58-8a06-a7d54aecd04d",
    "data": [
      {
        "text": "does ",
        "userDefined": false
      },
      {
        "text": "green",
        "meta": "@sys.ignore",
        "userDefined": false
      },
      {
        "text": " ninja supply kits for lessons",
        "userDefined": false
      }
    ],
    "isTemplate": false,
    "count": 0,
    "updated": 0
  },
  {
    "id": "eb85959c-79e6-453b-a388-e6015328c2a0",
    "data": [
      {
        "text": "Does ",
        "userDefined": false
      },
      {
        "text": "Green",
        "meta": "@sys.ignore",
        "userDefined": false
      },
      {
        "text": " Ninja provide kits?",
        "userDefined": false
      }
    ],
    "isTemplate": false,
    "count": 0,
    "updated": 0
  }
]