[
  {
    "id": "99bfc6e1-637f-44c1-a269-3cf06c5dfbb3",
    "data": [
      {
        "text": "Is all carbon dioxide manmade?",
        "userDefined": false
      }
    ],
    "isTemplate": false,
    "count": 0,
    "updated": 0
  },
  {
    "id": "eb982ba9-27ff-45de-a12b-b72663a07449",
    "data": [
      {
        "text": "Don\u0027t natural processes produce carbon dioxide?",
        "userDefined": false
      }
    ],
    "isTemplate": false,
    "count": 0,
    "updated": 0
  },
  {
    "id": "9a1ca483-efa2-4f2f-b28a-ae0d299ab095",
    "data": [
      {
        "text": "Isn\u0027t carbon dioxide a naturally produced gas?",
        "userDefined": false
      }
    ],
    "isTemplate": false,
    "count": 0,
    "updated": 0
  },
  {
    "id": "db88f5c4-f09f-4d8f-af6f-2675de5621d9",
    "data": [
      {
        "text": "Isn\u0027t some carbon dioxide naturally produced?",
        "userDefined": false
      }
    ],
    "isTemplate": false,
    "count": 0,
    "updated": 0
  },
  {
    "id": "6b984c23-9ed4-4af0-89db-e0e310cfa049",
    "data": [
      {
        "text": "Doesn\u0027t carbon dioxide in the atmosphere come from natural sources?",
        "userDefined": false
      }
    ],
    "isTemplate": false,
    "count": 0,
    "updated": 0
  }
]