[
  {
    "id": "0fb04395-c865-4587-87f2-0495a8b730f1",
    "data": [
      {
        "text": "Does ",
        "userDefined": false
      },
      {
        "text": "green",
        "meta": "@sys.ignore",
        "userDefined": false
      },
      {
        "text": " ninja curriculum accommodate different kinds of learners",
        "userDefined": false
      }
    ],
    "isTemplate": false,
    "count": 0,
    "updated": 0
  },
  {
    "id": "559f3f03-7c0b-4224-aded-80c4fdc3ef1b",
    "data": [
      {
        "text": "Does ",
        "userDefined": false
      },
      {
        "text": "Green",
        "meta": "@sys.ignore",
        "userDefined": false
      },
      {
        "text": " Ninja have differentiated instruction?",
        "userDefined": false
      }
    ],
    "isTemplate": false,
    "count": 0,
    "updated": 0
  }
]