[
  {
    "id": "c9425d44-a5bc-4564-bc5a-84711d3d15b9",
    "data": [
      {
        "text": "does ",
        "userDefined": false
      },
      {
        "text": "green",
        "meta": "@sys.ignore",
        "userDefined": false
      },
      {
        "text": " ninja\u0027s curriculum comply with the Williams Act",
        "userDefined": false
      }
    ],
    "isTemplate": false,
    "count": 0,
    "updated": 0
  },
  {
    "id": "eaf84637-82a2-4ea0-8aee-6b8642b97a08",
    "data": [
      {
        "text": "Does ",
        "userDefined": false
      },
      {
        "text": "Green",
        "meta": "@sys.ignore",
        "userDefined": false
      },
      {
        "text": " Ninja satisfy the ",
        "userDefined": false
      },
      {
        "text": "Williams",
        "meta": "@sys.ignore",
        "userDefined": false
      },
      {
        "text": " Act?",
        "userDefined": false
      }
    ],
    "isTemplate": false,
    "count": 0,
    "updated": 0
  }
]