[
  {
    "id": "c0e7b88d-a087-4d1f-9918-d36c0d2cec2e",
    "data": [
      {
        "text": "effect of ",
        "userDefined": false
      },
      {
        "text": "2",
        "meta": "@sys.ignore",
        "userDefined": false
      },
      {
        "text": " degree change in sea temperature",
        "userDefined": false
      }
    ],
    "isTemplate": false,
    "count": 0,
    "updated": 0
  },
  {
    "id": "10499d13-5998-484a-afea-cdd434391dc2",
    "data": [
      {
        "text": "effect of ",
        "userDefined": false
      },
      {
        "text": "1",
        "meta": "@sys.ignore",
        "userDefined": false
      },
      {
        "text": " degree increase in ",
        "userDefined": false
      },
      {
        "text": "ocean",
        "meta": "@sys.ignore",
        "userDefined": false
      },
      {
        "text": " temp",
        "userDefined": false
      }
    ],
    "isTemplate": false,
    "count": 0,
    "updated": 0
  },
  {
    "id": "de68b5a9-4f45-42c9-bb7d-1f5da481fcbd",
    "data": [
      {
        "text": "Does a ",
        "userDefined": false
      },
      {
        "text": "2 degree fahrenheit",
        "meta": "@sys.ignore",
        "userDefined": false
      },
      {
        "text": " increase in ocean temperature cause problems?",
        "userDefined": false
      }
    ],
    "isTemplate": false,
    "count": 0,
    "updated": 0
  },
  {
    "id": "008ffd44-08a9-4775-8471-b772b0c9051e",
    "data": [
      {
        "text": "Does a ",
        "userDefined": false
      },
      {
        "text": "1 degree fahrenheit",
        "meta": "@sys.ignore",
        "userDefined": false
      },
      {
        "text": " increase in ocean temperature cause problems?",
        "userDefined": false
      }
    ],
    "isTemplate": false,
    "count": 0,
    "updated": 0
  },
  {
    "id": "b7692268-5cf0-4e57-aead-69296e1e2c72",
    "data": [
      {
        "text": "Does a ",
        "userDefined": false
      },
      {
        "text": "3 degree celsius",
        "meta": "@sys.ignore",
        "userDefined": false
      },
      {
        "text": " increase in ocean temperature cause problems?",
        "userDefined": false
      }
    ],
    "isTemplate": false,
    "count": 0,
    "updated": 0
  },
  {
    "id": "9f80ea1d-8698-477d-acd9-ebb0f7db8102",
    "data": [
      {
        "text": "Does a ",
        "userDefined": false
      },
      {
        "text": "2 degree celsius",
        "meta": "@sys.ignore",
        "userDefined": false
      },
      {
        "text": " increase in ocean temperature cause problems?",
        "userDefined": false
      }
    ],
    "isTemplate": false,
    "count": 0,
    "updated": 0
  },
  {
    "id": "36d1915f-6bb1-4cab-bb54-5f0a293d0fe9",
    "data": [
      {
        "text": "Does a ",
        "userDefined": false
      },
      {
        "text": "1 degree celsius",
        "meta": "@sys.ignore",
        "userDefined": false
      },
      {
        "text": " ",
        "userDefined": false
      },
      {
        "text": "increase",
        "meta": "@sys.ignore",
        "userDefined": true
      },
      {
        "text": " in ocean temperature cause problems?",
        "userDefined": false
      }
    ],
    "isTemplate": false,
    "count": 0,
    "updated": 0
  }
]