[
  {
    "id": "7457d171-937b-4202-ac0a-c20a7bae91f4",
    "data": [
      {
        "text": "Where is the ",
        "userDefined": false
      },
      {
        "text": "Green",
        "meta": "@sys.ignore",
        "userDefined": false
      },
      {
        "text": " Ninja show located?",
        "userDefined": false
      }
    ],
    "isTemplate": false,
    "count": 0,
    "updated": 0
  },
  {
    "id": "6628c94b-5d98-4041-b982-9b0b42965b5b",
    "data": [
      {
        "text": "show me the ",
        "userDefined": false
      },
      {
        "text": "green",
        "meta": "@sys.ignore",
        "userDefined": false
      },
      {
        "text": " ninja show",
        "userDefined": false
      }
    ],
    "isTemplate": false,
    "count": 0,
    "updated": 0
  },
  {
    "id": "1747af50-5d66-492a-b7e1-b298bb5cf810",
    "data": [
      {
        "text": "are there any shows that ",
        "userDefined": false
      },
      {
        "text": "green",
        "meta": "@sys.ignore",
        "userDefined": false
      },
      {
        "text": " ninja has",
        "userDefined": false
      }
    ],
    "isTemplate": false,
    "count": 0,
    "updated": 0
  },
  {
    "id": "c5673a7b-03b3-4ee2-b8f5-cbe18df0deed",
    "data": [
      {
        "text": "does ",
        "userDefined": false
      },
      {
        "text": "green",
        "meta": "@sys.ignore",
        "userDefined": false
      },
      {
        "text": " ninja have any movies to show in class",
        "userDefined": false
      }
    ],
    "isTemplate": false,
    "count": 0,
    "updated": 0
  },
  {
    "id": "ec69fb46-37f9-4eab-a73d-9a849b90bdce",
    "data": [
      {
        "text": "Is there any video content to pair with the textbook",
        "userDefined": false
      }
    ],
    "isTemplate": false,
    "count": 0,
    "updated": 0
  },
  {
    "id": "62e407d4-4831-4eaa-a95e-c5d06e781597",
    "data": [
      {
        "text": "Does ",
        "userDefined": false
      },
      {
        "text": "Green",
        "meta": "@sys.ignore",
        "userDefined": false
      },
      {
        "text": " Ninja have video content?",
        "userDefined": false
      }
    ],
    "isTemplate": false,
    "count": 0,
    "updated": 0
  }
]