[
  {
    "id": "f407b768-2b05-4d74-982f-1eda55719486",
    "data": [
      {
        "text": "are there any materials that must be printed out",
        "userDefined": false
      }
    ],
    "isTemplate": false,
    "count": 0,
    "updated": 0
  },
  {
    "id": "590ba930-283b-41de-bfdf-934f1c61df54",
    "data": [
      {
        "text": "what materials are printouts",
        "userDefined": false
      }
    ],
    "isTemplate": false,
    "count": 0,
    "updated": 0
  },
  {
    "id": "3e44e636-7a1c-4608-b79f-739fa392f205",
    "data": [
      {
        "text": "Does ",
        "userDefined": false
      },
      {
        "text": "Green",
        "meta": "@sys.ignore",
        "userDefined": false
      },
      {
        "text": " Ninja have any printed materials?",
        "userDefined": false
      }
    ],
    "isTemplate": false,
    "count": 0,
    "updated": 0
  }
]