[
  {
    "id": "05a44720-b300-4e4f-b214-c671f9163a95",
    "data": [
      {
        "text": "does ",
        "userDefined": false
      },
      {
        "text": "green",
        "meta": "@sys.ignore",
        "userDefined": false
      },
      {
        "text": " ninja follow the 5E instructional model",
        "userDefined": false
      }
    ],
    "isTemplate": false,
    "count": 0,
    "updated": 0
  },
  {
    "id": "3e11cfd0-c21f-47bb-af5f-29ac849a803e",
    "data": [
      {
        "text": "Does ",
        "userDefined": false
      },
      {
        "text": "Green",
        "meta": "@sys.ignore",
        "userDefined": false
      },
      {
        "text": " Ninja use the 5E model?",
        "userDefined": false
      }
    ],
    "isTemplate": false,
    "count": 0,
    "updated": 0
  }
]