[
  {
    "id": "0c61cc0f-7f3a-4332-abe7-4bf80bf10599",
    "data": [
      {
        "text": "what languages is ",
        "userDefined": false
      },
      {
        "text": "green",
        "meta": "@sys.ignore",
        "userDefined": false
      },
      {
        "text": " ninja curriculum written in",
        "userDefined": false
      }
    ],
    "isTemplate": false,
    "count": 0,
    "updated": 0
  },
  {
    "id": "03c92c3a-2d6d-4812-97a3-004fcf9d47fd",
    "data": [
      {
        "text": "Does ",
        "userDefined": false
      },
      {
        "text": "Green",
        "meta": "@sys.ignore",
        "userDefined": false
      },
      {
        "text": " Ninja offer content in other languages?",
        "userDefined": false
      }
    ],
    "isTemplate": false,
    "count": 0,
    "updated": 0
  }
]