[
  {
    "id": "0990892a-35af-4e45-87a7-872d75cd610b",
    "data": [
      {
        "text": "tell me your eco-tip",
        "userDefined": false
      }
    ],
    "isTemplate": false,
    "count": 0,
    "updated": 0
  },
  {
    "id": "2b39ac82-6e9d-4c5e-bac8-fc222b27bc5c",
    "data": [
      {
        "text": "what are some eco-tips you have",
        "userDefined": false
      }
    ],
    "isTemplate": false,
    "count": 0,
    "updated": 0
  },
  {
    "id": "d4403a16-5808-41bc-8170-8a2739846dbe",
    "data": [
      {
        "text": "give me some advice",
        "userDefined": false
      }
    ],
    "isTemplate": false,
    "count": 0,
    "updated": 0
  },
  {
    "id": "b5384f74-fc9d-4669-82d4-024140065f81",
    "data": [
      {
        "text": "tell me a tip",
        "userDefined": false
      }
    ],
    "isTemplate": false,
    "count": 0,
    "updated": 0
  }
]