[
  {
    "id": "f7466ad4-467b-4ee3-b284-9a4dc15e67fd",
    "data": [
      {
        "text": "eco-stat please",
        "userDefined": false
      }
    ],
    "isTemplate": false,
    "count": 0,
    "updated": 0
  },
  {
    "id": "89670b1d-ccfd-479c-a6a3-2ef7a0a0beeb",
    "data": [
      {
        "text": "what are some eco-stats",
        "userDefined": false
      }
    ],
    "isTemplate": false,
    "count": 2,
    "updated": 0
  },
  {
    "id": "078ab0e4-b37d-48b3-a1f0-ceda70748f10",
    "data": [
      {
        "text": "statistics about climate change",
        "userDefined": false
      }
    ],
    "isTemplate": false,
    "count": 0,
    "updated": 0
  },
  {
    "id": "d3f5c231-f45a-4a18-8e45-5109bd040cd5",
    "data": [
      {
        "text": "i want to learn something interesting",
        "userDefined": false
      }
    ],
    "isTemplate": false,
    "count": 0,
    "updated": 0
  },
  {
    "id": "6aca3991-f7c8-4d64-9572-b044ad6cd0c2",
    "data": [
      {
        "text": "tell me a fact",
        "userDefined": false
      }
    ],
    "isTemplate": false,
    "count": 0,
    "updated": 0
  }
]