[
  {
    "id": "bf9bd72d-1435-49d9-99ab-9d2c6cb9a918",
    "data": [
      {
        "text": "how do we fix this?",
        "userDefined": false
      }
    ],
    "isTemplate": false,
    "count": 0,
    "updated": 0
  },
  {
    "id": "93e49905-db1a-42f0-bd82-a9fde969622d",
    "data": [
      {
        "text": "how do we solve it?",
        "userDefined": false
      }
    ],
    "isTemplate": false,
    "count": 0,
    "updated": 0
  },
  {
    "id": "03f275ca-c760-49fd-97db-809a56402ca3",
    "data": [
      {
        "text": "what is the solution?",
        "userDefined": false
      }
    ],
    "isTemplate": false,
    "count": 0,
    "updated": 0
  }
]