[
  {
    "id": "8806da71-6d04-4d7f-b193-e9489992d5b2",
    "data": [
      {
        "text": "who causes it",
        "userDefined": false
      }
    ],
    "isTemplate": false,
    "count": 0,
    "updated": 0
  },
  {
    "id": "d7bd433c-b372-41e6-b1bc-965ad0a47800",
    "data": [
      {
        "text": "why is it caused by humans?",
        "userDefined": false
      }
    ],
    "isTemplate": false,
    "count": 0,
    "updated": 0
  },
  {
    "id": "99f408e4-4ff1-4528-a939-707e3e8c1e1d",
    "data": [
      {
        "text": "how do we know its caused by humans?",
        "userDefined": false
      }
    ],
    "isTemplate": false,
    "count": 0,
    "updated": 0
  },
  {
    "id": "e1c56833-3da1-4468-9f62-8457211f092e",
    "data": [
      {
        "text": "who says it exists",
        "userDefined": false
      }
    ],
    "isTemplate": false,
    "count": 0,
    "updated": 0
  },
  {
    "id": "11f2e702-fa63-4f9b-9a10-bcf12e72a761",
    "data": [
      {
        "text": "How do we know it\u0027s a thing?",
        "userDefined": false
      }
    ],
    "isTemplate": false,
    "count": 0,
    "updated": 0
  },
  {
    "id": "3aa88922-cac6-4dcb-aa10-6dd1f82219c0",
    "data": [
      {
        "text": "How do we know it exists?",
        "userDefined": false
      }
    ],
    "isTemplate": false,
    "count": 0,
    "updated": 0
  }
]