[
  {
    "id": "fd1b52ea-77e0-49b8-8853-bf9f69bb8b9c",
    "data": [
      {
        "text": "how can we be sure it exists?",
        "userDefined": false
      }
    ],
    "isTemplate": false,
    "count": 0,
    "updated": 0
  },
  {
    "id": "3f41699b-b4cc-4830-aaf7-2556c436c1dd",
    "data": [
      {
        "text": "what proof is there",
        "userDefined": false
      }
    ],
    "isTemplate": false,
    "count": 0,
    "updated": 0
  },
  {
    "id": "44418d1d-0393-4ec8-adb0-28b1cf98360c",
    "data": [
      {
        "text": "how do we know",
        "userDefined": false
      }
    ],
    "isTemplate": false,
    "count": 0,
    "updated": 0
  }
]