[
  {
    "id": "316ad2d9-2ff5-4705-a662-a9e634736daa",
    "data": [
      {
        "text": "how can we be sure that it exists?",
        "userDefined": false
      }
    ],
    "isTemplate": false,
    "count": 0,
    "updated": 0
  },
  {
    "id": "8a65f0c9-7171-4d6e-ae44-71293efd1ec9",
    "data": [
      {
        "text": "what proof is there",
        "userDefined": false
      }
    ],
    "isTemplate": false,
    "count": 0,
    "updated": 0
  },
  {
    "id": "19c3ebec-7df3-4870-9582-6f93df61ae54",
    "data": [
      {
        "text": "how do we know",
        "userDefined": false
      }
    ],
    "isTemplate": false,
    "count": 0,
    "updated": 0
  }
]