[
  {
    "id": "c844e2a1-820a-41c7-8974-e5defbf08ef2",
    "data": [
      {
        "text": "how can we fix it?",
        "userDefined": false
      }
    ],
    "isTemplate": false,
    "count": 0,
    "updated": 0
  },
  {
    "id": "8964a30f-ff55-4464-8992-396a5485c79d",
    "data": [
      {
        "text": "what are the solutions",
        "userDefined": false
      }
    ],
    "isTemplate": false,
    "count": 0,
    "updated": 0
  },
  {
    "id": "bf9e124a-298d-48f4-8b23-24ede36b4c87",
    "data": [
      {
        "text": "how can we solve this",
        "userDefined": false
      }
    ],
    "isTemplate": false,
    "count": 0,
    "updated": 0
  }
]