[
  {
    "id": "8ce32c6b-f0ce-47d0-a0cc-034d683038f8",
    "data": [
      {
        "text": "how do we know its a thing?",
        "userDefined": false
      }
    ],
    "isTemplate": false,
    "count": 0,
    "updated": 0
  },
  {
    "id": "859187fe-f13d-4424-9571-7b5a32bdc340",
    "data": [
      {
        "text": "what is its cause",
        "userDefined": false
      }
    ],
    "isTemplate": false,
    "count": 0,
    "updated": 0
  },
  {
    "id": "91be95b3-a24d-4a6d-afc4-c59a1299b3fc",
    "data": [
      {
        "text": "who says its a thing",
        "userDefined": false
      }
    ],
    "isTemplate": false,
    "count": 0,
    "updated": 0
  },
  {
    "id": "4a20178d-4edd-4fd5-adb3-a3e26e24b95c",
    "data": [
      {
        "text": "who causes it",
        "userDefined": false
      }
    ],
    "isTemplate": false,
    "count": 0,
    "updated": 0
  },
  {
    "id": "3a585ca1-e148-4a14-9d07-7f8f1d3507ce",
    "data": [
      {
        "text": "how do we know it exists?",
        "userDefined": false
      }
    ],
    "isTemplate": false,
    "count": 0,
    "updated": 0
  }
]