[
  {
    "id": "2ad71485-9050-42a0-92bd-b1e656aafdd1",
    "data": [
      {
        "text": "why",
        "userDefined": false
      }
    ],
    "isTemplate": false,
    "count": 0,
    "updated": 0
  },
  {
    "id": "1172e43b-0fef-497a-91de-2bf48886bb58",
    "data": [
      {
        "text": "how can this be known",
        "userDefined": false
      }
    ],
    "isTemplate": false,
    "count": 0,
    "updated": 0
  },
  {
    "id": "dec0c44b-4ac6-47e4-961b-3239f935b85c",
    "data": [
      {
        "text": "how do we know",
        "userDefined": false
      }
    ],
    "isTemplate": false,
    "count": 0,
    "updated": 0
  }
]