[
  {
    "id": "6715e7b5-2729-4554-a7aa-6ddaee22a659",
    "data": [
      {
        "text": "how does it affect us?",
        "userDefined": false
      }
    ],
    "isTemplate": false,
    "count": 0,
    "updated": 0
  },
  {
    "id": "0262fce7-cf4e-453c-a388-2032b9f4a3ed",
    "data": [
      {
        "text": "what are its effects?",
        "userDefined": false
      }
    ],
    "isTemplate": false,
    "count": 0,
    "updated": 0
  },
  {
    "id": "22aa1d04-e0f0-42da-9578-1a797a0934ab",
    "data": [
      {
        "text": "what makes it bad?",
        "userDefined": false
      }
    ],
    "isTemplate": false,
    "count": 0,
    "updated": 0
  },
  {
    "id": "98103abb-1839-4f44-bbb8-fa49ef88063a",
    "data": [
      {
        "text": "why is it bad?",
        "userDefined": false
      }
    ],
    "isTemplate": false,
    "count": 0,
    "updated": 0
  }
]