[
  {
    "id": "a8962bda-4b0d-4065-be09-9110b471f266",
    "data": [
      {
        "text": "why is it bad",
        "userDefined": false
      }
    ],
    "isTemplate": false,
    "count": 0,
    "updated": 0
  },
  {
    "id": "a12a338d-f83a-4e37-9122-f3965a66bc9c",
    "data": [
      {
        "text": "how will it affect us",
        "userDefined": false
      }
    ],
    "isTemplate": false,
    "count": 0,
    "updated": 0
  },
  {
    "id": "34051fb0-329a-4cd1-bcbe-0842303c6e33",
    "data": [
      {
        "text": "what are its effects",
        "userDefined": false
      }
    ],
    "isTemplate": false,
    "count": 0,
    "updated": 0
  },
  {
    "id": "24faf360-124c-4d21-b98c-dbee3113643a",
    "data": [
      {
        "text": "what makes it dangerous?",
        "userDefined": false
      }
    ],
    "isTemplate": false,
    "count": 0,
    "updated": 0
  },
  {
    "id": "bee5bf0c-a906-4838-a0a7-5a6e56f3a817",
    "data": [
      {
        "text": "what harm will it cause?",
        "userDefined": false
      }
    ],
    "isTemplate": false,
    "count": 0,
    "updated": 0
  }
]