[
  {
    "id": "25eeadc8-cdd6-49ec-b4f5-0160013d4a18",
    "data": [
      {
        "text": "Why is it bad?",
        "userDefined": false
      }
    ],
    "isTemplate": false,
    "count": 0,
    "updated": 0
  },
  {
    "id": "e4418c20-f5bf-4ac9-b357-cb5f2a4faf05",
    "data": [
      {
        "text": "How is it dangerous?",
        "userDefined": false
      }
    ],
    "isTemplate": false,
    "count": 0,
    "updated": 0
  },
  {
    "id": "df747b42-a578-48bc-ac79-4ed7984939ad",
    "data": [
      {
        "text": "What danger is it?",
        "userDefined": false
      }
    ],
    "isTemplate": false,
    "count": 0,
    "updated": 0
  },
  {
    "id": "b998eb40-c3be-4a23-b4bf-033277d13efb",
    "data": [
      {
        "text": "What harm will it cause?",
        "userDefined": false
      }
    ],
    "isTemplate": false,
    "count": 0,
    "updated": 0
  }
]