[
  {
    "id": "efaa0717-7793-4510-b9d0-9f6f5e446488",
    "data": [
      {
        "text": "How do we fix this?",
        "userDefined": false
      }
    ],
    "isTemplate": false,
    "count": 0,
    "updated": 0
  },
  {
    "id": "8872bddd-5e07-4bb4-9bea-18d569963d45",
    "data": [
      {
        "text": "What are the solutions",
        "userDefined": false
      }
    ],
    "isTemplate": false,
    "count": 0,
    "updated": 0
  },
  {
    "id": "221984f5-6327-4c0f-b6f6-031cfc314311",
    "data": [
      {
        "text": "How do we solve it?",
        "userDefined": false
      }
    ],
    "isTemplate": false,
    "count": 0,
    "updated": 0
  }
]