[
  {
    "id": "0dc1f5e1-323a-47c4-a2b8-1c5211fa91a5",
    "data": [
      {
        "text": "How do we accommodate the 180 days worth of curriculum into a shorter school year?",
        "userDefined": false
      }
    ],
    "isTemplate": false,
    "count": 0,
    "updated": 0
  },
  {
    "id": "af9553a2-81e9-4dc3-a37e-7fb8660c375c",
    "data": [
      {
        "text": "What if our school\u0027s school year is less than ",
        "userDefined": false
      },
      {
        "text": "180",
        "meta": "@sys.ignore",
        "userDefined": false
      },
      {
        "text": " days?",
        "userDefined": false
      }
    ],
    "isTemplate": false,
    "count": 0,
    "updated": 0
  },
  {
    "id": "a98e8a16-e243-44e4-9df8-acccc51106d5",
    "data": [
      {
        "text": "Green",
        "meta": "@sys.ignore",
        "userDefined": false
      },
      {
        "text": " Ninja provides ",
        "userDefined": false
      },
      {
        "text": "180",
        "meta": "@sys.ignore",
        "userDefined": false
      },
      {
        "text": " days of instruction, but what if my instruction time is less than that?",
        "userDefined": false
      }
    ],
    "isTemplate": false,
    "count": 0,
    "updated": 0
  }
]