[
  {
    "id": "f6f7f1e0-66e2-48d3-8d44-d3e03a608761",
    "data": [
      {
        "text": "has climate change happened before",
        "userDefined": false
      }
    ],
    "isTemplate": false,
    "count": 0,
    "updated": 0
  },
  {
    "id": "da260f8f-1842-42a5-ace2-60cd93e5521e",
    "data": [
      {
        "text": "Doesn\u0027t Earth warm and cool periodically?",
        "userDefined": false
      }
    ],
    "isTemplate": false,
    "count": 0,
    "updated": 0
  },
  {
    "id": "c12bec8d-ccf4-4c8d-9e92-1580f1c2ebb8",
    "data": [
      {
        "text": "Hasn\u0027t Earth warmed and cooled naturally throughout history?",
        "userDefined": false
      }
    ],
    "isTemplate": false,
    "count": 0,
    "updated": 0
  }
]