[
  {
    "id": "8b90de2b-0d35-4acf-9b36-034a27a4aea2",
    "data": [
      {
        "text": "cost of purchasing solar panels",
        "userDefined": false
      }
    ],
    "isTemplate": false,
    "count": 0,
    "updated": 0
  },
  {
    "id": "a7420695-c338-498e-bf3e-8d8858ed8789",
    "data": [
      {
        "text": "are solar panels becoming more affordable?",
        "userDefined": false
      }
    ],
    "isTemplate": false,
    "count": 0,
    "updated": 0
  },
  {
    "id": "595622eb-9f53-4afa-adde-d4af150ec3dd",
    "data": [
      {
        "text": "is solar power getting cheaper?",
        "userDefined": false
      }
    ],
    "isTemplate": false,
    "count": 0,
    "updated": 0
  },
  {
    "id": "4cc02edd-0f6b-4db8-9991-70c0e3d65e24",
    "data": [
      {
        "text": "how expensive is solar power?",
        "userDefined": false
      }
    ],
    "isTemplate": false,
    "count": 0,
    "updated": 0
  }
]