[
  {
    "id": "dbfd025b-a547-4388-b432-9e604b00bcef",
    "data": [
      {
        "text": "what is the purpose of ozone in the atmosphere",
        "userDefined": false
      }
    ],
    "isTemplate": false,
    "count": 0,
    "updated": 0
  },
  {
    "id": "b2ee2a24-b8fd-4b61-98b6-b939705ca960",
    "data": [
      {
        "text": "ozone in the atmosphere",
        "userDefined": false
      }
    ],
    "isTemplate": false,
    "count": 0,
    "updated": 0
  },
  {
    "id": "c2228e52-0b88-40cf-8e5e-2b04a49afe5a",
    "data": [
      {
        "text": "How does ozone affect climate change?",
        "userDefined": false
      }
    ],
    "isTemplate": false,
    "count": 0,
    "updated": 0
  }
]