[
  {
    "id": "4870d6e2-1d93-4cd5-b8ff-7c901084fcf8",
    "data": [
      {
        "text": "tools used for predicting climate change",
        "userDefined": false
      }
    ],
    "isTemplate": false,
    "count": 0,
    "updated": 0
  },
  {
    "id": "25c73d44-a0c6-4f35-a0d9-b03bca40d981",
    "data": [
      {
        "text": "how do we know how the planet will change",
        "userDefined": false
      }
    ],
    "isTemplate": false,
    "count": 0,
    "updated": 0
  },
  {
    "id": "914e461c-a7c4-49ad-8848-151c6c1066a9",
    "data": [
      {
        "text": "how do we know how climate change will affect us",
        "userDefined": false
      }
    ],
    "isTemplate": false,
    "count": 0,
    "updated": 0
  },
  {
    "id": "c1234c9c-c7b8-43e3-8648-0a35417a884e",
    "data": [
      {
        "text": "How do we predict the effect of climate change?",
        "userDefined": false
      }
    ],
    "isTemplate": false,
    "count": 0,
    "updated": 0
  }
]