[
  {
    "id": "cfb21c0e-7cfb-4545-b441-4c69db63657d",
    "data": [
      {
        "text": "what does ",
        "userDefined": false
      },
      {
        "text": "green",
        "meta": "@sys.ignore",
        "userDefined": false
      },
      {
        "text": " ninja do to support english second language students",
        "userDefined": false
      }
    ],
    "isTemplate": false,
    "count": 0,
    "updated": 0
  },
  {
    "id": "40d04cb4-7b8e-4d35-9d77-dedceabba632",
    "data": [
      {
        "text": "How does Green Ninja support ELL students",
        "userDefined": false
      }
    ],
    "isTemplate": false,
    "count": 0,
    "updated": 0
  },
  {
    "id": "de98c339-9bc9-428d-8ecd-d988b8e62bda",
    "data": [
      {
        "text": "How does Green Ninja support ",
        "userDefined": false
      },
      {
        "text": "English",
        "meta": "@sys.ignore",
        "userDefined": false
      },
      {
        "text": " Language Learner students?",
        "userDefined": false
      }
    ],
    "isTemplate": false,
    "count": 0,
    "updated": 0
  }
]