[
  {
    "id": "0c5ce08e-ff6e-4413-a303-67464813e3bc",
    "data": [
      {
        "text": "speed at which ocean is rising",
        "userDefined": false
      }
    ],
    "isTemplate": false,
    "count": 0,
    "updated": 0
  },
  {
    "id": "f46349c4-437a-4077-b303-eb45349b5f36",
    "data": [
      {
        "text": "what is the rate of sea level rise",
        "userDefined": false
      }
    ],
    "isTemplate": false,
    "count": 0,
    "updated": 0
  },
  {
    "id": "ec9450cb-4014-4b38-a071-fca2772217fb",
    "data": [
      {
        "text": "how much are sea levels rising?",
        "userDefined": false
      }
    ],
    "isTemplate": false,
    "count": 0,
    "updated": 0
  }
]