[
  {
    "id": "8254875f-46ec-4b61-983b-948aca0af898",
    "data": [
      {
        "text": "how much higher have sea levels become ",
        "userDefined": false
      },
      {
        "text": "past 10 years",
        "meta": "@sys.ignore",
        "userDefined": false
      }
    ],
    "isTemplate": false,
    "count": 1,
    "updated": 0
  },
  {
    "id": "85a6d7a6-1f50-4a61-ba0f-3b78cb86c813",
    "data": [
      {
        "text": "How much sea level rise has occurred ",
        "userDefined": false
      },
      {
        "text": "over the past 10 years",
        "meta": "@sys.ignore",
        "userDefined": false
      },
      {
        "text": "?",
        "userDefined": false
      }
    ],
    "isTemplate": false,
    "count": 0,
    "updated": 0
  }
]