[
  {
    "id": "fe0607d3-1160-43ea-8ad9-f6cb887865c6",
    "data": [
      {
        "text": "how can we know that climate change exists",
        "userDefined": false
      }
    ],
    "isTemplate": false,
    "count": 0,
    "updated": 0
  },
  {
    "id": "0d5eedcb-2f03-4f6b-9194-9889d248f2cf",
    "data": [
      {
        "text": "evidence for climate change",
        "userDefined": false
      }
    ],
    "isTemplate": false,
    "count": 0,
    "updated": 0
  },
  {
    "id": "a90a31b2-56b4-419a-8b2a-86bc65783285",
    "data": [
      {
        "text": "How do we know climate change is real?",
        "userDefined": false
      }
    ],
    "isTemplate": false,
    "count": 0,
    "updated": 0
  }
]