[
  {
    "id": "b4f2f1ed-c285-494d-82de-1346179e5475",
    "data": [
      {
        "text": "how do I access ",
        "userDefined": false
      },
      {
        "text": "green",
        "meta": "@sys.ignore",
        "userDefined": false
      },
      {
        "text": " ninja materials with a poor internet connection",
        "userDefined": false
      }
    ],
    "isTemplate": false,
    "count": 0,
    "updated": 0
  },
  {
    "id": "41334125-f9d4-4a93-a868-97e07b2b3a79",
    "data": [
      {
        "text": "what if I have a bad internet connection",
        "userDefined": false
      }
    ],
    "isTemplate": false,
    "count": 0,
    "updated": 0
  },
  {
    "id": "cf5fe58a-037e-4aa8-8f7b-d1d319c79902",
    "data": [
      {
        "text": "How does a poor internet connection affect access to ",
        "userDefined": false
      },
      {
        "text": "Green",
        "meta": "@sys.ignore",
        "userDefined": false
      },
      {
        "text": " Ninja curriculum?",
        "userDefined": false
      }
    ],
    "isTemplate": false,
    "count": 0,
    "updated": 0
  }
]