[
  {
    "id": "a10c596e-c4ad-4a5f-9234-a32099e405b8",
    "data": [
      {
        "text": "how fast glaciers are melting",
        "userDefined": false
      }
    ],
    "isTemplate": false,
    "count": 0,
    "updated": 0
  },
  {
    "id": "bba1f4e1-212e-4d78-a50a-e2017879f562",
    "data": [
      {
        "text": "effect of temperature increase on glaciers",
        "userDefined": false
      }
    ],
    "isTemplate": false,
    "count": 0,
    "updated": 0
  },
  {
    "id": "1beac294-c78e-463b-b9a4-ab4215561a9d",
    "data": [
      {
        "text": "How fast are glaciers melting?",
        "userDefined": false
      }
    ],
    "isTemplate": false,
    "count": 0,
    "updated": 0
  }
]