[
  {
    "id": "177e6c88-3e82-44e7-9bf8-970057ba97a9",
    "data": [
      {
        "text": "why is NGSS different from previous state standards",
        "userDefined": false
      }
    ],
    "isTemplate": false,
    "count": 0,
    "updated": 0
  },
  {
    "id": "5d480609-ee44-4a6e-98f5-c971f44e559d",
    "data": [
      {
        "text": "How is CA NGSS different from the old standards?",
        "userDefined": false
      }
    ],
    "isTemplate": false,
    "count": 0,
    "updated": 0
  },
  {
    "id": "6a4517a6-700e-45db-86aa-7b049a81873c",
    "data": [
      {
        "text": "How are the NGSS for ",
        "userDefined": false
      },
      {
        "text": "California",
        "meta": "@sys.ignore",
        "userDefined": false
      },
      {
        "text": " different than ",
        "userDefined": false
      },
      {
        "text": "the 1998",
        "meta": "@sys.ignore",
        "userDefined": false
      },
      {
        "text": " ",
        "userDefined": false
      },
      {
        "text": "California",
        "meta": "@sys.ignore",
        "userDefined": false
      },
      {
        "text": " Science Standards?",
        "userDefined": false
      }
    ],
    "isTemplate": false,
    "count": 0,
    "updated": 0
  }
]