[
  {
    "id": "891e6633-e6dd-47a8-908f-b300443668b8",
    "data": [
      {
        "text": "how do you measure sea level rise",
        "userDefined": false
      }
    ],
    "isTemplate": false,
    "count": 0,
    "updated": 0
  },
  {
    "id": "f150c145-ac38-4e99-bfc6-6667469d28a2",
    "data": [
      {
        "text": "how do we know sea level",
        "userDefined": false
      }
    ],
    "isTemplate": false,
    "count": 0,
    "updated": 0
  },
  {
    "id": "3f2f973f-c17e-4620-9d34-040f890f7878",
    "data": [
      {
        "text": "How is sea level rise measured?",
        "userDefined": false
      }
    ],
    "isTemplate": false,
    "count": 0,
    "updated": 0
  }
]