[
  {
    "id": "80935fca-f6da-4f94-bcff-579ba94f6ec4",
    "data": [
      {
        "text": "how does ",
        "userDefined": false
      },
      {
        "text": "green",
        "meta": "@sys.ignore",
        "userDefined": false
      },
      {
        "text": " ninja take care of students who have to be out of class?",
        "userDefined": false
      }
    ],
    "isTemplate": false,
    "count": 0,
    "updated": 0
  },
  {
    "id": "50911c74-1e8c-4462-82bf-e4e0a1a0f699",
    "data": [
      {
        "text": "what accommodates does ",
        "userDefined": false
      },
      {
        "text": "green",
        "meta": "@sys.ignore",
        "userDefined": false
      },
      {
        "text": " ninja have for students that are absent",
        "userDefined": false
      }
    ],
    "isTemplate": false,
    "count": 0,
    "updated": 0
  },
  {
    "id": "4b129aa8-7363-45ef-9081-8d2d99b08720",
    "data": [
      {
        "text": "How does ",
        "userDefined": false
      },
      {
        "text": "Green",
        "meta": "@sys.ignore",
        "userDefined": false
      },
      {
        "text": " Ninja provide accommodations for students who miss class?",
        "userDefined": false
      }
    ],
    "isTemplate": false,
    "count": 0,
    "updated": 0
  }
]