[
  {
    "id": "757ecb86-bc8f-4d0e-8d5b-8e6f1d4d44c9",
    "data": [
      {
        "text": "what is happening to our coral reefs?",
        "userDefined": false
      }
    ],
    "isTemplate": false,
    "count": 0,
    "updated": 0
  },
  {
    "id": "9388b9fe-8df0-452e-956a-420c4a301cb8",
    "data": [
      {
        "text": "effect of increased greenhouse gases on coral",
        "userDefined": false
      }
    ],
    "isTemplate": false,
    "count": 0,
    "updated": 0
  },
  {
    "id": "9c691778-c908-416a-b434-d37b46dcef7e",
    "data": [
      {
        "text": "effect of global warming on coral reefs",
        "userDefined": false
      }
    ],
    "isTemplate": false,
    "count": 0,
    "updated": 0
  },
  {
    "id": "ea05eac5-b4a5-474f-8466-964e75a5bd78",
    "data": [
      {
        "text": "How are coral reefs affected by climate change?",
        "userDefined": false
      }
    ],
    "isTemplate": false,
    "count": 0,
    "updated": 0
  }
]