[
  {
    "id": "978636df-e82d-4725-b394-e9392137ffa6",
    "data": [
      {
        "text": "What resources does ",
        "userDefined": false
      },
      {
        "text": "Green",
        "meta": "@sys.ignore",
        "userDefined": false
      },
      {
        "text": " Ninja provide to parents?",
        "userDefined": false
      }
    ],
    "isTemplate": false,
    "count": 0,
    "updated": 0
  },
  {
    "id": "7db5497f-4ce6-4ee7-98c8-ea049455cab3",
    "data": [
      {
        "text": "How does ",
        "userDefined": false
      },
      {
        "text": "Green",
        "meta": "@sys.ignore",
        "userDefined": false
      },
      {
        "text": " Ninja support parents?",
        "userDefined": false
      }
    ],
    "isTemplate": false,
    "count": 0,
    "updated": 0
  }
]