[
  {
    "id": "41e38953-d22c-4753-b4d9-29ef4dd04237",
    "data": [
      {
        "text": "how are CA Next Generation Science Standards different from the nation\u0027s standards?",
        "userDefined": false
      }
    ],
    "isTemplate": false,
    "count": 0,
    "updated": 0
  },
  {
    "id": "13fa01d3-cf01-46b5-af51-44ad4f7255f8",
    "data": [
      {
        "text": "How are the NGSS for ",
        "userDefined": false
      },
      {
        "text": "California",
        "meta": "@sys.ignore",
        "userDefined": false
      },
      {
        "text": " different than the NGSS national standards?",
        "userDefined": false
      }
    ],
    "isTemplate": false,
    "count": 0,
    "updated": 0
  }
]