[
  {
    "id": "ec37419c-d446-4cf6-9a14-4397b7a9ef19",
    "data": [
      {
        "text": "environmental issues",
        "userDefined": false
      }
    ],
    "isTemplate": false,
    "count": 0,
    "updated": 0
  },
  {
    "id": "4b248527-7247-4ee1-9525-1b24d2c396a2",
    "data": [
      {
        "text": "crisis on our planet",
        "userDefined": false
      }
    ],
    "isTemplate": false,
    "count": 0,
    "updated": 0
  },
  {
    "id": "5c450c8b-abfb-4d30-9212-de1bf6c69eac",
    "data": [
      {
        "text": "what problems do we face in our environment right now?",
        "userDefined": false
      }
    ],
    "isTemplate": false,
    "count": 0,
    "updated": 0
  },
  {
    "id": "b79aebf5-3fb3-4c09-9fbf-d6db542511eb",
    "data": [
      {
        "text": "how is our planet changing right now?",
        "userDefined": false
      }
    ],
    "isTemplate": false,
    "count": 0,
    "updated": 0
  },
  {
    "id": "0d168483-b069-4c12-9eb0-f1e7d6941262",
    "data": [
      {
        "text": "what are our planet\u0027s problems?",
        "userDefined": false
      }
    ],
    "isTemplate": false,
    "count": 0,
    "updated": 0
  }
]