[
  {
    "id": "0e8593b1-fc97-4f82-ae3b-f9ecc01ee2e2",
    "data": [
      {
        "text": "why are some places getting colder despite global warming",
        "userDefined": false
      }
    ],
    "isTemplate": false,
    "count": 0,
    "updated": 0
  },
  {
    "id": "4c48bd6f-4cb0-46ca-b02e-63adb5a31fbc",
    "data": [
      {
        "text": "Why is global warming not global?",
        "userDefined": false
      }
    ],
    "isTemplate": false,
    "count": 0,
    "updated": 0
  },
  {
    "id": "79055bf9-9e13-4f8c-b927-1f927f77eddd",
    "data": [
      {
        "text": "Why are some places cooling and others warming?",
        "userDefined": false
      }
    ],
    "isTemplate": false,
    "count": 0,
    "updated": 0
  },
  {
    "id": "65cb65b5-8f65-4105-be32-47a9b230e08a",
    "data": [
      {
        "text": "If the globe is still warming, then why are some locations not warming while others have experienced cooling?",
        "userDefined": false
      }
    ],
    "isTemplate": false,
    "count": 0,
    "updated": 0
  }
]