[
  {
    "id": "b9a5558e-4643-4778-97f9-e3d688ed3d57",
    "data": [
      {
        "text": "climate change is a hoax",
        "userDefined": false
      }
    ],
    "isTemplate": false,
    "count": 0,
    "updated": 0
  },
  {
    "id": "bc7c4271-de6e-489d-9778-2ce324fec18e",
    "data": [
      {
        "text": "climate change isn\u0027t real",
        "userDefined": false
      }
    ],
    "isTemplate": false,
    "count": 0,
    "updated": 0
  },
  {
    "id": "00193737-d8d9-4067-8a9e-4b96f96b6f39",
    "data": [
      {
        "text": "Is climate change a hoax?",
        "userDefined": false
      }
    ],
    "isTemplate": false,
    "count": 0,
    "updated": 0
  },
  {
    "id": "ffe731ff-fd13-4867-9b8f-9eb759080769",
    "data": [
      {
        "text": "Is climate change real?",
        "userDefined": false
      }
    ],
    "isTemplate": false,
    "count": 0,
    "updated": 0
  }
]