[
  {
    "id": "efaf4084-319a-45bc-b312-95ca22eca8bd",
    "data": [
      {
        "text": "global warming is a hoax",
        "userDefined": false
      }
    ],
    "isTemplate": false,
    "count": 0,
    "updated": 0
  },
  {
    "id": "5a276277-ce58-4e6c-8de2-e447b2480f48",
    "data": [
      {
        "text": "global warming isn\u0027t real",
        "userDefined": false
      }
    ],
    "isTemplate": false,
    "count": 0,
    "updated": 0
  },
  {
    "id": "abf2cf6d-0daa-42d8-a966-f0319e22ec0e",
    "data": [
      {
        "text": "Is global warming a hoax?",
        "userDefined": false
      }
    ],
    "isTemplate": false,
    "count": 0,
    "updated": 0
  },
  {
    "id": "c10be8ce-8a65-44f5-b97f-9e0de259959a",
    "data": [
      {
        "text": "Is global warming real?",
        "userDefined": false
      }
    ],
    "isTemplate": false,
    "count": 0,
    "updated": 0
  }
]