[
  {
    "id": "9ae232ac-381f-4af0-bb39-06d1c4fa5d84",
    "data": [
      {
        "text": "what are climate-related health effects",
        "userDefined": false
      }
    ],
    "isTemplate": false,
    "count": 0,
    "updated": 0
  },
  {
    "id": "7f1f8a40-c95d-4c64-aee9-32a0c8199675",
    "data": [
      {
        "text": "How does global warming affect people’s lives",
        "userDefined": false
      }
    ],
    "isTemplate": false,
    "count": 0,
    "updated": 0
  },
  {
    "id": "a76106e4-ff36-429a-8e88-7bc8dc75a53f",
    "data": [
      {
        "text": "what risk does climate change pose to us?",
        "userDefined": false
      }
    ],
    "isTemplate": false,
    "count": 0,
    "updated": 0
  },
  {
    "id": "4600661a-773a-494e-a4ff-d624c2b55a90",
    "data": [
      {
        "text": "are humans in danger because of climate change",
        "userDefined": false
      }
    ],
    "isTemplate": false,
    "count": 0,
    "updated": 0
  },
  {
    "id": "cbf6c6f3-520d-4cdb-91d2-3ee1efff2174",
    "data": [
      {
        "text": "are humans in danger because of global warming",
        "userDefined": false
      }
    ],
    "isTemplate": false,
    "count": 0,
    "updated": 0
  },
  {
    "id": "6c851f3f-0f4f-46af-8c5b-0440c18f626e",
    "data": [
      {
        "text": "global warming threat to humans",
        "userDefined": false
      }
    ],
    "isTemplate": false,
    "count": 0,
    "updated": 0
  },
  {
    "id": "e5e1a576-cbda-4c21-bb3a-fc071c9758fb",
    "data": [
      {
        "text": "Are we at risk due to global warming?",
        "userDefined": false
      }
    ],
    "isTemplate": false,
    "count": 0,
    "updated": 0
  },
  {
    "id": "fde28713-f85e-4d6d-903c-a5b4c7abd520",
    "data": [
      {
        "text": "Is global warming a threat to humans?",
        "userDefined": false
      }
    ],
    "isTemplate": false,
    "count": 0,
    "updated": 0
  }
]