[
  {
    "id": "ff7202dc-4346-4f2d-8f60-95d74d7add24",
    "data": [
      {
        "text": "are fossil fuels less expensive than clean types of energy?",
        "userDefined": false
      }
    ],
    "isTemplate": false,
    "count": 0,
    "updated": 0
  },
  {
    "id": "419e3f66-8c16-4e4e-b1a7-3e968ee6b0d6",
    "data": [
      {
        "text": "is burning fossil fuels cheaper than clean energy",
        "userDefined": false
      }
    ],
    "isTemplate": false,
    "count": 0,
    "updated": 0
  },
  {
    "id": "f8f90a5f-944b-4f1c-924f-dad19df21a2e",
    "data": [
      {
        "text": "Is renewable energy cheaper than fossil fuel?",
        "userDefined": false
      }
    ],
    "isTemplate": false,
    "count": 0,
    "updated": 0
  }
]