[
  {
    "id": "674a9392-c7b2-46d8-b82b-9d3d74b75693",
    "data": [
      {
        "text": "global warming isn\u0027t a big deal",
        "userDefined": false
      }
    ],
    "isTemplate": false,
    "count": 0,
    "updated": 0
  },
  {
    "id": "0ab35e14-d707-48c1-8817-b34a4da9f94d",
    "data": [
      {
        "text": "global warming doesn\u0027t matter",
        "userDefined": false
      }
    ],
    "isTemplate": false,
    "count": 0,
    "updated": 0
  },
  {
    "id": "dbd5466e-9240-4acf-9b20-e41a02b3acb0",
    "data": [
      {
        "text": "Global warming is very minor",
        "userDefined": false
      }
    ],
    "isTemplate": false,
    "count": 0,
    "updated": 0
  },
  {
    "id": "26cb313d-c54f-4373-91d8-7dcf7434bdb8",
    "data": [
      {
        "text": "Why does such a small temperature increase matter?",
        "userDefined": false
      }
    ],
    "isTemplate": false,
    "count": 0,
    "updated": 0
  },
  {
    "id": "7904cd20-568b-4217-9cac-f2642d231337",
    "data": [
      {
        "text": "The global temperature increase is small, so why does it matter?",
        "userDefined": false
      }
    ],
    "isTemplate": false,
    "count": 0,
    "updated": 0
  }
]