[
  {
    "id": "d3635d5e-1223-4ffa-96ae-7fe0e53225f1",
    "data": [
      {
        "text": "any videos about home appliance energy",
        "userDefined": false
      }
    ],
    "isTemplate": false,
    "count": 0,
    "updated": 0
  },
  {
    "id": "e7cc7a5f-adf6-4231-bd84-74e75e50d569",
    "data": [
      {
        "text": "movie about reducing energy consumption",
        "userDefined": false
      }
    ],
    "isTemplate": false,
    "count": 0,
    "updated": 0
  },
  {
    "id": "aed58c4f-70df-4e28-b64c-35a11c4f017e",
    "data": [
      {
        "text": "do you have any videos about the importance of being environmentally friendly at home?",
        "userDefined": false
      }
    ],
    "isTemplate": false,
    "count": 0,
    "updated": 0
  },
  {
    "id": "56725a9f-ea1f-4776-8416-89668ad27618",
    "data": [
      {
        "text": "does ",
        "userDefined": false
      },
      {
        "text": "green",
        "meta": "@sys.ignore",
        "userDefined": false
      },
      {
        "text": " ninja have any videos about reducing energy consumption?",
        "userDefined": false
      }
    ],
    "isTemplate": false,
    "count": 0,
    "updated": 0
  }
]