[
  {
    "id": "da4ef8e2-1bf0-4f03-8403-b3278a8e2f8c",
    "data": [
      {
        "text": "do you have any videos that have food in them",
        "userDefined": false
      }
    ],
    "isTemplate": false,
    "count": 0,
    "updated": 0
  },
  {
    "id": "4978b2a2-a151-480c-b69a-16affca2486c",
    "data": [
      {
        "text": "is there a movie about food",
        "userDefined": false
      }
    ],
    "isTemplate": false,
    "count": 0,
    "updated": 0
  },
  {
    "id": "5f128a58-bb2f-4e20-8253-7f8d7fbefe5f",
    "data": [
      {
        "text": "does ",
        "userDefined": false
      },
      {
        "text": "green",
        "meta": "@sys.ignore",
        "userDefined": false
      },
      {
        "text": " ninja have any videos explaining the importance of buying local food",
        "userDefined": false
      }
    ],
    "isTemplate": false,
    "count": 0,
    "updated": 0
  },
  {
    "id": "dd901bde-cbda-4f64-a5b3-071a67e8c286",
    "data": [
      {
        "text": "do you have any videos about food choice",
        "userDefined": false
      }
    ],
    "isTemplate": false,
    "count": 0,
    "updated": 0
  }
]