[
  {
    "id": "705656f5-877b-485f-878a-d1e00a7d821c",
    "data": [
      {
        "text": "do you have any movies explaining the value of good observation",
        "userDefined": false
      }
    ],
    "isTemplate": false,
    "count": 0,
    "updated": 0
  },
  {
    "id": "e0d6a440-d0a7-45ba-8687-ad3330632679",
    "data": [
      {
        "text": "does ",
        "userDefined": false
      },
      {
        "text": "green",
        "meta": "@sys.ignore",
        "userDefined": false
      },
      {
        "text": " ninja make any videos about scientific observation",
        "userDefined": false
      }
    ],
    "isTemplate": false,
    "count": 0,
    "updated": 0
  },
  {
    "id": "c2fea058-1256-4eea-910c-b6dba2464071",
    "data": [
      {
        "text": "any videos about the importance of good observation?",
        "userDefined": false
      }
    ],
    "isTemplate": false,
    "count": 0,
    "updated": 0
  }
]