[
  {
    "id": "d993d45d-60d9-49a3-b1d2-535165c1357f",
    "data": [
      {
        "text": "any videos about lowering carbon footprint?",
        "userDefined": false
      }
    ],
    "isTemplate": false,
    "count": 0,
    "updated": 0
  },
  {
    "id": "623decf9-4077-4454-9f36-3cb5f47874be",
    "data": [
      {
        "text": "does ",
        "userDefined": false
      },
      {
        "text": "green",
        "meta": "@sys.ignore",
        "userDefined": false
      },
      {
        "text": " ninja have any movies about reducing carbon footprint",
        "userDefined": false
      }
    ],
    "isTemplate": false,
    "count": 0,
    "updated": 0
  },
  {
    "id": "0ed4ac5a-8698-42c8-ad8b-604d8c975352",
    "data": [
      {
        "text": "do you have any videos about carbon footprint?",
        "userDefined": false
      }
    ],
    "isTemplate": false,
    "count": 0,
    "updated": 0
  }
]