[
  {
    "id": "e50123d3-f385-4d7d-b18b-192ecd819950",
    "data": [
      {
        "text": "any videos that explain the flow of water in the environment",
        "userDefined": false
      }
    ],
    "isTemplate": false,
    "count": 0,
    "updated": 0
  },
  {
    "id": "9dd0f619-6836-4b24-a019-ca1c0e3b5e6c",
    "data": [
      {
        "text": "show me the ",
        "userDefined": false
      },
      {
        "text": "green",
        "meta": "@sys.ignore",
        "userDefined": false
      },
      {
        "text": " ninja show episode about water cycle",
        "userDefined": false
      }
    ],
    "isTemplate": false,
    "count": 0,
    "updated": 0
  },
  {
    "id": "75eff0ea-ad8e-48d5-ae59-23c168fed3b0",
    "data": [
      {
        "text": "does ",
        "userDefined": false
      },
      {
        "text": "green",
        "meta": "@sys.ignore",
        "userDefined": false
      },
      {
        "text": " ninja have any movies about the water cycle",
        "userDefined": false
      }
    ],
    "isTemplate": false,
    "count": 0,
    "updated": 0
  },
  {
    "id": "882a0543-f78f-412e-b90b-b8b4763f85c0",
    "data": [
      {
        "text": "show me a video about water cycle",
        "userDefined": false
      }
    ],
    "isTemplate": false,
    "count": 0,
    "updated": 0
  },
  {
    "id": "0c2f9908-1cb3-4d06-b8a9-d0e9d662f4ed",
    "data": [
      {
        "text": "Do you have a video about the water cycle?",
        "userDefined": false
      }
    ],
    "isTemplate": false,
    "count": 0,
    "updated": 0
  }
]