[
  {
    "id": "9e4741a1-78b0-4824-a682-a6b46b026818",
    "data": [
      {
        "text": "do you have any videos about walking",
        "userDefined": false
      }
    ],
    "isTemplate": false,
    "count": 0,
    "updated": 0
  },
  {
    "id": "72989c1e-1f13-4488-b31a-5c977e57ec51",
    "data": [
      {
        "text": "give me a video that demonstrates the importance of walking",
        "userDefined": false
      }
    ],
    "isTemplate": false,
    "count": 0,
    "updated": 0
  },
  {
    "id": "56523f0b-48da-4ad3-be4b-851aae87a18d",
    "data": [
      {
        "text": "video about walking to school",
        "userDefined": false
      }
    ],
    "isTemplate": false,
    "count": 0,
    "updated": 0
  }
]