[
  {
    "id": "4012281a-7e36-4237-b6cd-72e8baa85817",
    "data": [
      {
        "text": "what are the different kinds of crosscutting concepts",
        "userDefined": false
      }
    ],
    "isTemplate": false,
    "count": 0,
    "updated": 0
  },
  {
    "id": "f6fbe939-5866-4af7-94fd-01f5e443ca01",
    "data": [
      {
        "text": "tell me about crosscutting concepts",
        "userDefined": false
      }
    ],
    "isTemplate": false,
    "count": 0,
    "updated": 0
  },
  {
    "id": "0d1a3ad6-ddce-4a34-be7f-22571f029f30",
    "data": [
      {
        "text": "What are Crosscutting Concepts?",
        "userDefined": false
      }
    ],
    "isTemplate": false,
    "count": 0,
    "updated": 0
  }
]