[
  {
    "id": "eccc6395-7140-4959-86d0-424fbb2657c5",
    "data": [
      {
        "text": "what was your reason for calling the curriculum \"",
        "userDefined": false
      },
      {
        "text": "green",
        "meta": "@sys.ignore",
        "userDefined": false
      },
      {
        "text": " ninja\"",
        "userDefined": false
      }
    ],
    "isTemplate": false,
    "count": 0,
    "updated": 0
  },
  {
    "id": "3bcbce42-e809-468f-b893-6a6e4f7bb3c9",
    "data": [
      {
        "text": "what is the meaning of the name \"",
        "userDefined": false
      },
      {
        "text": "green",
        "meta": "@sys.ignore",
        "userDefined": false
      },
      {
        "text": " ninja\"",
        "userDefined": false
      }
    ],
    "isTemplate": false,
    "count": 0,
    "updated": 0
  },
  {
    "id": "d4b432bc-42df-46ef-a948-12020f0aa5c6",
    "data": [
      {
        "text": "why are you called ",
        "userDefined": false
      },
      {
        "text": "green",
        "meta": "@sys.ignore",
        "userDefined": false
      },
      {
        "text": " ninja",
        "userDefined": false
      }
    ],
    "isTemplate": false,
    "count": 0,
    "updated": 0
  },
  {
    "id": "78051abc-d0c3-4b5f-9dde-7a7cf17bf9ba",
    "data": [
      {
        "text": "What does \"",
        "userDefined": false
      },
      {
        "text": "Green",
        "meta": "@sys.ignore",
        "userDefined": false
      },
      {
        "text": " Ninja\" mean?",
        "userDefined": false
      }
    ],
    "isTemplate": false,
    "count": 0,
    "updated": 0
  }
]