[
  {
    "id": "88952cd4-8826-4443-9ae6-5d2a161c7971",
    "data": [
      {
        "text": "have countries agreed to treaties about the climate",
        "userDefined": false
      }
    ],
    "isTemplate": false,
    "count": 0,
    "updated": 0
  },
  {
    "id": "c7058215-5dca-4ec2-9d0c-f42117d2646a",
    "data": [
      {
        "text": "what treaties about global warming already exist",
        "userDefined": false
      }
    ],
    "isTemplate": false,
    "count": 0,
    "updated": 0
  },
  {
    "id": "aef5f03b-91dd-4617-b782-cb054b530bce",
    "data": [
      {
        "text": "tell me about various climate treatieswh",
        "userDefined": false
      }
    ],
    "isTemplate": false,
    "count": 0,
    "updated": 0
  },
  {
    "id": "779e1cc2-56ea-46f0-b8e0-0e24851b4e05",
    "data": [
      {
        "text": "what are some climate treaties?",
        "userDefined": false
      }
    ],
    "isTemplate": false,
    "count": 0,
    "updated": 0
  }
]