[
  {
    "id": "905c5740-3c82-4629-af1b-cd3e01e91fcd",
    "data": [
      {
        "text": "producing energy from wind",
        "userDefined": false
      }
    ],
    "isTemplate": false,
    "count": 0,
    "updated": 0
  },
  {
    "id": "3fa542bb-342c-4fb0-af39-a8977d7322c6",
    "data": [
      {
        "text": "information about wind power",
        "userDefined": false
      }
    ],
    "isTemplate": false,
    "count": 0,
    "updated": 0
  },
  {
    "id": "cae1be3e-954f-462e-8a3d-8d3ae4328986",
    "data": [
      {
        "text": "wind power",
        "userDefined": false
      }
    ],
    "isTemplate": false,
    "count": 0,
    "updated": 0
  },
  {
    "id": "21a04cb6-506c-4769-bdf7-ed7392f3d402",
    "data": [
      {
        "text": "What is wind power?",
        "userDefined": false
      }
    ],
    "isTemplate": false,
    "count": 0,
    "updated": 0
  }
]