[
  {
    "id": "4d03f762-b387-4dc5-a4d2-26cb66ed587f",
    "data": [
      {
        "text": "please provide information about geothermal power",
        "userDefined": false
      }
    ],
    "isTemplate": false,
    "count": 0,
    "updated": 0
  },
  {
    "id": "3da2b797-c5e8-4cc7-aa50-ed7c8c386f2a",
    "data": [
      {
        "text": "info about geothermal power",
        "userDefined": false
      }
    ],
    "isTemplate": false,
    "count": 0,
    "updated": 0
  },
  {
    "id": "6c937e3c-79dd-4b6b-a641-69773e87d5fc",
    "data": [
      {
        "text": "tell me about geothermal power",
        "userDefined": false
      }
    ],
    "isTemplate": false,
    "count": 0,
    "updated": 0
  },
  {
    "id": "11832962-ce12-43f3-b9ba-9ef743ab971a",
    "data": [
      {
        "text": "What is geothermal power?",
        "userDefined": false
      }
    ],
    "isTemplate": false,
    "count": 0,
    "updated": 0
  }
]