[
  {
    "id": "c85c9d60-107e-4094-9260-391e798eb15f",
    "data": [
      {
        "text": "what are current environment problems ",
        "userDefined": false
      }
    ],
    "isTemplate": false,
    "count": 0,
    "updated": 0
  },
  {
    "id": "d5e0450c-86fc-4b23-a4d9-52903f7735a2",
    "data": [
      {
        "text": "information about climate change",
        "userDefined": false
      }
    ],
    "isTemplate": false,
    "count": 0,
    "updated": 0
  },
  {
    "id": "f5ea5661-d6e7-4c42-b02e-bd9c9a1efbf3",
    "data": [
      {
        "text": "tell me about climate change",
        "userDefined": false
      }
    ],
    "isTemplate": false,
    "count": 0,
    "updated": 0
  },
  {
    "id": "81d8dde2-71cc-4f6c-8fe5-b811988339d8",
    "data": [
      {
        "text": "What\u0027s climate change?",
        "userDefined": false
      }
    ],
    "isTemplate": false,
    "count": 0,
    "updated": 0
  },
  {
    "id": "9532690f-ff0c-4b31-a643-e7ecd1b5eb9e",
    "data": [
      {
        "text": "What is climate change?",
        "userDefined": false
      }
    ],
    "isTemplate": false,
    "count": 0,
    "updated": 0
  }
]