[
  {
    "id": "510e6b66-a4da-4ca3-ab6d-65df8dcc70ad",
    "data": [
      {
        "text": "how does climate change affect Earth",
        "userDefined": false
      }
    ],
    "isTemplate": false,
    "count": 0,
    "updated": 0
  },
  {
    "id": "4a6eeb10-ba3c-45b1-aaad-b2050dc5eb9b",
    "data": [
      {
        "text": "effect of global warming on wild life",
        "userDefined": false
      }
    ],
    "isTemplate": false,
    "count": 0,
    "updated": 0
  },
  {
    "id": "ad68e2c8-2b5c-4524-a950-3f171ef82fc2",
    "data": [
      {
        "text": "how does climate change affect wildlife",
        "userDefined": false
      }
    ],
    "isTemplate": false,
    "count": 0,
    "updated": 0
  },
  {
    "id": "2f78204b-79db-409e-80a8-6053e19198d8",
    "data": [
      {
        "text": "effect of climate change on ",
        "userDefined": false
      },
      {
        "text": "flora",
        "meta": "@sys.ignore",
        "userDefined": false
      },
      {
        "text": " and fauna on planet earth",
        "userDefined": false
      }
    ],
    "isTemplate": false,
    "count": 0,
    "updated": 0
  },
  {
    "id": "b2161d42-76fe-4e8d-9374-fe4df8ab4c44",
    "data": [
      {
        "text": "what life will go extinct due to climate change",
        "userDefined": false
      }
    ],
    "isTemplate": false,
    "count": 0,
    "updated": 0
  },
  {
    "id": "fd2c34b0-cd44-4c3a-a400-cd89df9362ec",
    "data": [
      {
        "text": "What kinds of plants and animals are at risk due to global warming?",
        "userDefined": false
      }
    ],
    "isTemplate": false,
    "count": 0,
    "updated": 0
  }
]