[
  {
    "id": "a4a80239-93d6-4faa-a0ea-e186b51a308b",
    "data": [
      {
        "text": "what food reduces my carbon footprint",
        "userDefined": false
      }
    ],
    "isTemplate": false,
    "count": 0,
    "updated": 0
  },
  {
    "id": "8fcada72-7217-4171-a71a-bcc79da39893",
    "data": [
      {
        "text": "what foods should i eat",
        "userDefined": false
      }
    ],
    "isTemplate": false,
    "count": 0,
    "updated": 0
  },
  {
    "id": "7e2cf5af-d9b3-436c-8dc3-ecc45c897c5c",
    "data": [
      {
        "text": "most environmentally-friendly food",
        "userDefined": false
      }
    ],
    "isTemplate": false,
    "count": 0,
    "updated": 0
  },
  {
    "id": "894110b8-d82a-4f23-9ffe-f76ee226eda9",
    "data": [
      {
        "text": "What kinds of foods are most environmentally friendly?",
        "userDefined": false
      }
    ],
    "isTemplate": false,
    "count": 0,
    "updated": 0
  }
]