[
  {
    "id": "7bed591f-dd39-49d4-a767-7a4952ef6290",
    "data": [
      {
        "text": "is hydro electric a type of renewable energy",
        "userDefined": false
      }
    ],
    "isTemplate": false,
    "count": 0,
    "updated": 0
  },
  {
    "id": "81f53ebd-053a-486d-8e17-71948220922f",
    "data": [
      {
        "text": "is hydo electric a renewable source of energy",
        "userDefined": false
      }
    ],
    "isTemplate": false,
    "count": 0,
    "updated": 0
  },
  {
    "id": "94de1b5f-d936-478f-9c22-ed26cea796b9",
    "data": [
      {
        "text": "how do we get electricity from ",
        "userDefined": false
      },
      {
        "text": "rivers",
        "meta": "@sys.ignore",
        "userDefined": false
      }
    ],
    "isTemplate": false,
    "count": 0,
    "updated": 0
  },
  {
    "id": "b8d4e4a4-fdc0-46aa-979b-bd9c98a389b3",
    "data": [
      {
        "text": "hydroelectric power",
        "userDefined": false
      }
    ],
    "isTemplate": false,
    "count": 0,
    "updated": 0
  },
  {
    "id": "2c03ac69-8b56-4b36-9d3d-fc65cd9cf9af",
    "data": [
      {
        "text": "information about hydropower",
        "userDefined": false
      }
    ],
    "isTemplate": false,
    "count": 0,
    "updated": 0
  },
  {
    "id": "69b0b857-d26b-412c-8cb8-176fbe7026f1",
    "data": [
      {
        "text": "What is hydropower?",
        "userDefined": false
      }
    ],
    "isTemplate": false,
    "count": 0,
    "updated": 0
  }
]