[
  {
    "id": "0bdc0d5a-6d3c-4e21-b654-889cd8c1abff",
    "data": [
      {
        "text": "What are kinds of renewable energy?",
        "userDefined": false
      }
    ],
    "isTemplate": false,
    "count": 0,
    "updated": 0
  },
  {
    "id": "98544db8-dd27-4b74-8d24-66c21c076bca",
    "data": [
      {
        "text": "types of renewable energy",
        "userDefined": false
      }
    ],
    "isTemplate": false,
    "count": 0,
    "updated": 0
  },
  {
    "id": "95d49bae-dc5a-49d8-b29e-8e5ea4166492",
    "data": [
      {
        "text": "What are different types of renewable energy?",
        "userDefined": false
      }
    ],
    "isTemplate": false,
    "count": 0,
    "updated": 0
  }
]