[
  {
    "id": "097235da-7e81-45a3-bd3b-68f96317b9f7",
    "data": [
      {
        "text": "info about global warming",
        "userDefined": false
      }
    ],
    "isTemplate": false,
    "count": 0,
    "updated": 0
  },
  {
    "id": "185b8f33-a000-470c-8e54-442edec12087",
    "data": [
      {
        "text": "What is global warming?",
        "userDefined": false
      }
    ],
    "isTemplate": false,
    "count": 1,
    "updated": 0
  },
  {
    "id": "1e6b05d8-0423-47d2-99e6-c71d5997e063",
    "data": [
      {
        "text": "global warming information",
        "userDefined": false
      }
    ],
    "isTemplate": false,
    "count": 0,
    "updated": 0
  },
  {
    "id": "a5c6b5ee-69e7-49d3-a105-49ba4ce7e0f5",
    "data": [
      {
        "text": "tell me about global warming",
        "userDefined": false
      }
    ],
    "isTemplate": false,
    "count": 0,
    "updated": 0
  },
  {
    "id": "58e446d7-9cbc-446a-b769-daf3f4646c95",
    "data": [
      {
        "text": "What\u0027s global warming?",
        "userDefined": false
      }
    ],
    "isTemplate": false,
    "count": 0,
    "updated": 0
  }
]