[
  {
    "id": "f6945eac-89be-4db8-ab94-187ad7344aa8",
    "data": [
      {
        "text": "what country uses the most renewable energy?",
        "userDefined": false
      }
    ],
    "isTemplate": false,
    "count": 0,
    "updated": 0
  },
  {
    "id": "1663fa50-0a87-4613-845d-0faccaadcd10",
    "data": [
      {
        "text": "what country uses the least fossil fuels?",
        "userDefined": false
      }
    ],
    "isTemplate": false,
    "count": 0,
    "updated": 0
  },
  {
    "id": "71142f59-36f6-446f-9fdf-940e37de8e4c",
    "data": [
      {
        "text": "what is the most environmentally friendly country?",
        "userDefined": false
      }
    ],
    "isTemplate": false,
    "count": 0,
    "updated": 0
  },
  {
    "id": "22b4406e-1c35-418f-9ef3-36913ba10487",
    "data": [
      {
        "text": "What is the greenest country?",
        "userDefined": false
      }
    ],
    "isTemplate": false,
    "count": 0,
    "updated": 0
  }
]