[
  {
    "id": "a528d2ad-3d6d-4777-9e87-dc2e44ceae22",
    "data": [
      {
        "text": "how can i be more environmentally friendly",
        "userDefined": false
      }
    ],
    "isTemplate": false,
    "count": 1,
    "updated": 0
  },
  {
    "id": "2ab9ccf6-37a6-4bef-bd02-60fcb858c7ab",
    "data": [
      {
        "text": "How can we save environment ?",
        "userDefined": false
      }
    ],
    "isTemplate": false,
    "count": 0,
    "updated": 0
  },
  {
    "id": "b4388467-c7bf-4c8e-9b1c-4d2c7035f9bd",
    "data": [
      {
        "text": "how can we save environment?",
        "userDefined": false
      }
    ],
    "isTemplate": false,
    "count": 0,
    "updated": 0
  },
  {
    "id": "556c72ff-5d6d-42b9-a4e4-e624b7b41ccf",
    "data": [
      {
        "text": "how can we save climate ?",
        "userDefined": false
      }
    ],
    "isTemplate": false,
    "count": 0,
    "updated": 0
  },
  {
    "id": "78ac923c-416b-4f1b-b641-d8f066a3a445",
    "data": [
      {
        "text": "habits to reduce global warming",
        "userDefined": false
      }
    ],
    "isTemplate": false,
    "count": 0,
    "updated": 0
  },
  {
    "id": "093e5b4d-05f4-4878-a2d4-93d25cd43012",
    "data": [
      {
        "text": "how to reduce global warming",
        "userDefined": false
      }
    ],
    "isTemplate": false,
    "count": 0,
    "updated": 0
  },
  {
    "id": "d66c1f09-09f5-4f07-a0c5-852f16392b1a",
    "data": [
      {
        "text": "How can we stop global warming?",
        "userDefined": false
      }
    ],
    "isTemplate": false,
    "count": 0,
    "updated": 0
  },
  {
    "id": "4151533f-9bb7-4ab7-9633-bd51f5176d3b",
    "data": [
      {
        "text": "How can I stop global warming?",
        "userDefined": false
      }
    ],
    "isTemplate": false,
    "count": 0,
    "updated": 0
  },
  {
    "id": "8a92515e-4759-447c-9911-edf323ac41be",
    "data": [
      {
        "text": "What can I do to help reduce global warming?",
        "userDefined": false
      }
    ],
    "isTemplate": false,
    "count": 0,
    "updated": 0
  }
]