[
  {
    "id": "1c4fafb6-526c-44ae-9a34-6da0407962f0",
    "data": [
      {
        "text": "how many fields are covered in NGSS",
        "userDefined": false
      }
    ],
    "isTemplate": false,
    "count": 0,
    "updated": 0
  },
  {
    "id": "83366765-e2b1-431c-9078-12b5272fe475",
    "data": [
      {
        "text": "What are the fields taught in Next Generation Science Standards",
        "userDefined": false
      }
    ],
    "isTemplate": false,
    "count": 0,
    "updated": 0
  },
  {
    "id": "0ed95d98-3390-4206-88c2-bafff860491d",
    "data": [
      {
        "text": "what fields are in the next gen science standards curriculum",
        "userDefined": false
      }
    ],
    "isTemplate": false,
    "count": 0,
    "updated": 0
  },
  {
    "id": "45681f76-5d63-419e-b5a7-d1eabd4c001b",
    "data": [
      {
        "text": "What fields are in NGSS?",
        "userDefined": false
      }
    ],
    "isTemplate": false,
    "count": 0,
    "updated": 0
  }
]