[
  {
    "id": "114d4692-3e43-4dec-a1eb-ebcd3e7f3837",
    "data": [
      {
        "text": "coal, natural gas, and gasoline are all types of what",
        "userDefined": false
      }
    ],
    "isTemplate": false,
    "count": 0,
    "updated": 0
  },
  {
    "id": "69146d1d-73c7-4197-a65f-ead139d96edd",
    "data": [
      {
        "text": "what is gasoline a type of",
        "userDefined": false
      }
    ],
    "isTemplate": false,
    "count": 0,
    "updated": 0
  },
  {
    "id": "79e65796-6682-40d3-adc9-9773834bc578",
    "data": [
      {
        "text": "what are hydro carbons",
        "userDefined": false
      }
    ],
    "isTemplate": false,
    "count": 0,
    "updated": 0
  },
  {
    "id": "37e390f5-ede5-4dfb-a433-00c83149f86a",
    "data": [
      {
        "text": "what kinds of fuels are hydrocarbons",
        "userDefined": false
      }
    ],
    "isTemplate": false,
    "count": 0,
    "updated": 0
  },
  {
    "id": "d12b8324-ee88-49c3-aeb9-6c819a8eae20",
    "data": [
      {
        "text": "tell me about hydrocarbons",
        "userDefined": false
      }
    ],
    "isTemplate": false,
    "count": 0,
    "updated": 0
  },
  {
    "id": "d7a2b8cb-b587-4100-9c66-ac78667567a2",
    "data": [
      {
        "text": "What are hydrocarbons?",
        "userDefined": false
      }
    ],
    "isTemplate": false,
    "count": 0,
    "updated": 0
  }
]