[
  {
    "id": "2eb6a65f-498a-45a9-aa75-8ad2af437a0f",
    "data": [
      {
        "text": "what is NGSS science standards",
        "userDefined": false
      }
    ],
    "isTemplate": false,
    "count": 0,
    "updated": 0
  },
  {
    "id": "7b574b2b-29db-4e9d-9e59-35848bed1575",
    "data": [
      {
        "text": "Tell me about Next Generation Science Standards.",
        "userDefined": false
      }
    ],
    "isTemplate": false,
    "count": 0,
    "updated": 0
  },
  {
    "id": "ec8a85e5-3b09-4f6c-9101-445ba2cb94cb",
    "data": [
      {
        "text": "What are the NGSS standards?",
        "userDefined": false
      }
    ],
    "isTemplate": false,
    "count": 0,
    "updated": 0
  }
]