[
  {
    "id": "2b52bd98-42f4-4f0e-83b0-f249278daee1",
    "data": [
      {
        "text": "what are the effects of global warming",
        "userDefined": false
      }
    ],
    "isTemplate": false,
    "count": 0,
    "updated": 0
  },
  {
    "id": "08f3bafb-e413-451c-8dec-300d03d7ddbf",
    "data": [
      {
        "text": "what makes global warming a bad thing?",
        "userDefined": false
      }
    ],
    "isTemplate": false,
    "count": 0,
    "updated": 0
  },
  {
    "id": "8b99c81f-ee1b-44ae-8457-ac7bd912ad14",
    "data": [
      {
        "text": "global warming is good",
        "userDefined": false
      }
    ],
    "isTemplate": false,
    "count": 0,
    "updated": 0
  },
  {
    "id": "8851c1a1-5a8a-4d13-aa0b-07e1360bbda8",
    "data": [
      {
        "text": "is global warming bad?",
        "userDefined": false
      }
    ],
    "isTemplate": false,
    "count": 0,
    "updated": 0
  },
  {
    "id": "fc18a637-a9b9-4120-be18-e663ee38ded5",
    "data": [
      {
        "text": "global warming consequences",
        "userDefined": false
      }
    ],
    "isTemplate": false,
    "count": 0,
    "updated": 0
  },
  {
    "id": "e8f5d207-0540-4b87-81df-7f2ab78ad3fe",
    "data": [
      {
        "text": "global warming effects",
        "userDefined": false
      }
    ],
    "isTemplate": false,
    "count": 0,
    "updated": 0
  },
  {
    "id": "06e11b15-5507-4a63-b44d-ebe32acfb666",
    "data": [
      {
        "text": "What are the consequences of global warming?",
        "userDefined": false
      }
    ],
    "isTemplate": false,
    "count": 0,
    "updated": 0
  },
  {
    "id": "7c6fdbbe-6638-4546-9f98-069925609d0d",
    "data": [
      {
        "text": "What harm will global warming cause?",
        "userDefined": false
      }
    ],
    "isTemplate": false,
    "count": 0,
    "updated": 0
  }
]