[
  {
    "id": "a48adb06-467c-460f-b69e-77e9e53e82f6",
    "data": [
      {
        "text": "what are the ",
        "userDefined": false
      },
      {
        "text": "two",
        "meta": "@sys.ignore",
        "userDefined": false
      },
      {
        "text": " kinds of solar power",
        "userDefined": false
      }
    ],
    "isTemplate": false,
    "count": 0,
    "updated": 0
  },
  {
    "id": "0121ada3-11cc-45d8-85ae-638abb708f16",
    "data": [
      {
        "text": "solar power vs solar thermal power",
        "userDefined": false
      }
    ],
    "isTemplate": false,
    "count": 0,
    "updated": 0
  },
  {
    "id": "87cf0a80-16e5-4883-b3ce-515492a19d58",
    "data": [
      {
        "text": "What is the difference between solar panels and solar thermal power?",
        "userDefined": false
      }
    ],
    "isTemplate": false,
    "count": 0,
    "updated": 0
  }
]