[
  {
    "id": "73f094fb-b130-4827-a766-dddb721569ec",
    "data": [
      {
        "text": "what is the meaning of the acronym \"nrc\"",
        "userDefined": false
      }
    ],
    "isTemplate": false,
    "count": 0,
    "updated": 0
  },
  {
    "id": "43263ff4-3c7c-44da-92a2-3c2d75a7ba54",
    "data": [
      {
        "text": "What does NRC mean",
        "userDefined": false
      }
    ],
    "isTemplate": false,
    "count": 0,
    "updated": 0
  },
  {
    "id": "24641f91-96cf-4429-a81c-a23c15490e47",
    "data": [
      {
        "text": "What does NRC stand for?",
        "userDefined": false
      }
    ],
    "isTemplate": false,
    "count": 0,
    "updated": 0
  }
]