[
  {
    "id": "b89cf66d-8035-46fd-a5b3-8888ec5ebdab",
    "data": [
      {
        "text": "how does climate change affect Earth",
        "userDefined": false
      }
    ],
    "isTemplate": false,
    "count": 0,
    "updated": 0
  },
  {
    "id": "bc971a60-b5a7-4147-a0fc-974a2dc0e438",
    "data": [
      {
        "text": "which parts of the world are most heavily influenced by climate change",
        "userDefined": false
      }
    ],
    "isTemplate": false,
    "count": 0,
    "updated": 0
  },
  {
    "id": "8c354cf9-d2fd-4e73-9f57-4d840b47bb58",
    "data": [
      {
        "text": "what are the environment changes happening due to global warming ",
        "userDefined": false
      }
    ],
    "isTemplate": false,
    "count": 0,
    "updated": 0
  },
  {
    "id": "2f75c0d8-f37a-4e91-b384-2eb27d345578",
    "data": [
      {
        "text": "consequences of climate change",
        "userDefined": false
      }
    ],
    "isTemplate": false,
    "count": 0,
    "updated": 0
  },
  {
    "id": "47fdedf9-1ae0-4ae6-bfad-90a8e2b6b5d1",
    "data": [
      {
        "text": "effects of climate change",
        "userDefined": false
      }
    ],
    "isTemplate": false,
    "count": 0,
    "updated": 0
  },
  {
    "id": "b1c807ec-a688-47ca-b83d-87c3a3925499",
    "data": [
      {
        "text": "How does climate change affect us?",
        "userDefined": false
      }
    ],
    "isTemplate": false,
    "count": 0,
    "updated": 0
  },
  {
    "id": "e3aae6d5-a738-4255-b0be-98ca3e360ff6",
    "data": [
      {
        "text": "What is the impact of climate change?",
        "userDefined": false
      }
    ],
    "isTemplate": false,
    "count": 0,
    "updated": 0
  }
]