[
  {
    "id": "735e70a4-4b42-4af1-8e98-dacc2e595b8e",
    "data": [
      {
        "text": "largest renewable energy in the US",
        "userDefined": false
      }
    ],
    "isTemplate": false,
    "count": 0,
    "updated": 0
  },
  {
    "id": "bdd36a1b-1659-4dca-84a9-7f61bb1e21fd",
    "data": [
      {
        "text": "what form of clean energy is biggest in the world?",
        "userDefined": false
      }
    ],
    "isTemplate": false,
    "count": 0,
    "updated": 0
  },
  {
    "id": "e159569a-e0c3-45af-b589-d2f51cf86e0c",
    "data": [
      {
        "text": "What kind of renewable energy is biggest in ",
        "userDefined": false
      },
      {
        "text": "America",
        "meta": "@sys.ignore",
        "userDefined": false
      },
      {
        "text": "?",
        "userDefined": false
      }
    ],
    "isTemplate": false,
    "count": 0,
    "updated": 0
  }
]