[
  {
    "id": "296e438b-21ed-40e9-a890-3cb280ebc8d8",
    "data": [
      {
        "text": "can we make electricity from the ocean?",
        "userDefined": false
      }
    ],
    "isTemplate": false,
    "count": 0,
    "updated": 0
  },
  {
    "id": "1fb739ba-c84e-4bd3-a007-6bafffdb3cd6",
    "data": [
      {
        "text": "producing energy from the oceans",
        "userDefined": false
      }
    ],
    "isTemplate": false,
    "count": 0,
    "updated": 0
  },
  {
    "id": "3e16bf35-f4ab-48b9-92fe-650677e8d0f1",
    "data": [
      {
        "text": "harnessing the tides to produce electricity",
        "userDefined": false
      }
    ],
    "isTemplate": false,
    "count": 0,
    "updated": 0
  },
  {
    "id": "111bc0df-e9c0-4464-8064-45c09e2a0f21",
    "data": [
      {
        "text": "information about tidal power",
        "userDefined": false
      }
    ],
    "isTemplate": false,
    "count": 0,
    "updated": 0
  },
  {
    "id": "aaa81e2a-febd-4c5e-8c6a-bafa2a23cded",
    "data": [
      {
        "text": "What is tidal power?",
        "userDefined": false
      }
    ],
    "isTemplate": false,
    "count": 0,
    "updated": 0
  }
]