[
  {
    "id": "e77850ac-3221-4bfe-9528-90cd03f0746d",
    "data": [
      {
        "text": "information about ",
        "userDefined": false
      },
      {
        "text": "paris",
        "meta": "@sys.ignore",
        "userDefined": false
      },
      {
        "text": " climate summit",
        "userDefined": false
      }
    ],
    "isTemplate": false,
    "count": 0,
    "updated": 0
  },
  {
    "id": "9787b72e-edb4-4e58-8f1e-e8cc7701bf40",
    "data": [
      {
        "text": "What is the ",
        "userDefined": false
      },
      {
        "text": "Paris",
        "meta": "@sys.ignore",
        "userDefined": false
      },
      {
        "text": " Climate Conference?",
        "userDefined": false
      }
    ],
    "isTemplate": false,
    "count": 0,
    "updated": 0
  },
  {
    "id": "eccd0cea-50dc-4264-bad3-af1516e10d72",
    "data": [
      {
        "text": "What is the ",
        "userDefined": false
      },
      {
        "text": "Paris",
        "meta": "@sys.ignore",
        "userDefined": false
      },
      {
        "text": " Agreement?",
        "userDefined": false
      }
    ],
    "isTemplate": false,
    "count": 0,
    "updated": 0
  }
]