[
  {
    "id": "28b9d91f-af16-4401-bfc2-1b35eeed22e8",
    "data": [
      {
        "text": "ocean\u0027s",
        "meta": "@sys.ignore",
        "userDefined": false
      },
      {
        "text": " job in global warming",
        "userDefined": false
      }
    ],
    "isTemplate": false,
    "count": 0,
    "updated": 0
  },
  {
    "id": "6a7d8424-0a1f-496a-a298-ff7ffafc28eb",
    "data": [
      {
        "text": "ocean effects on global warming",
        "userDefined": false
      }
    ],
    "isTemplate": false,
    "count": 0,
    "updated": 0
  },
  {
    "id": "15e19a94-0b7c-4aaa-9046-c3f63573903b",
    "data": [
      {
        "text": "ocean",
        "meta": "@sys.ignore",
        "userDefined": false
      },
      {
        "text": " and global warming",
        "userDefined": false
      }
    ],
    "isTemplate": false,
    "count": 0,
    "updated": 0
  },
  {
    "id": "81a2a7ed-5938-4ae8-9a2e-a13cca5458e4",
    "data": [
      {
        "text": "Does the ocean affect global warming?",
        "userDefined": false
      }
    ],
    "isTemplate": false,
    "count": 0,
    "updated": 0
  },
  {
    "id": "a9ebf1a3-d1ab-4b39-99be-8795c1a7a447",
    "data": [
      {
        "text": "What role does the ocean play in global warming?",
        "userDefined": false
      }
    ],
    "isTemplate": false,
    "count": 0,
    "updated": 0
  }
]