[
  {
    "id": "5e3f7ec4-2e1b-4951-8d5c-e1de1fdebe45",
    "data": [
      {
        "text": "renewable energy",
        "userDefined": false
      }
    ],
    "isTemplate": false,
    "count": 0,
    "updated": 0
  },
  {
    "id": "15c5eca0-290f-4fce-bdfc-435985f1a771",
    "data": [
      {
        "text": "What is renewable energy?",
        "userDefined": false
      }
    ],
    "isTemplate": false,
    "count": 0,
    "updated": 0
  },
  {
    "id": "aacf5fb2-fbaa-4b1b-8691-5b01260fd916",
    "data": [
      {
        "text": "What are renewable sources of energy?",
        "userDefined": false
      }
    ],
    "isTemplate": false,
    "count": 0,
    "updated": 0
  }
]