[
  {
    "id": "795eda00-f888-42ef-98a7-55a53388f0bc",
    "data": [
      {
        "text": "what are the scientific practices that NGSS consider",
        "userDefined": false
      }
    ],
    "isTemplate": false,
    "count": 0,
    "updated": 0
  },
  {
    "id": "934335f0-538c-419d-8e11-8ca0af9de351",
    "data": [
      {
        "text": "What are the Science/Engineering Practices specified in NGSS?",
        "userDefined": false
      }
    ],
    "isTemplate": false,
    "count": 0,
    "updated": 0
  }
]