[
  {
    "id": "31327220-a957-478a-92e3-0c9e413c0c8e",
    "data": [
      {
        "text": "tell me about greenhouse gases",
        "userDefined": false
      }
    ],
    "isTemplate": false,
    "count": 0,
    "updated": 0
  },
  {
    "id": "063000c5-4239-449e-b4d4-674d554c61d1",
    "data": [
      {
        "text": "what is a ",
        "userDefined": false
      },
      {
        "text": "green",
        "meta": "@sys.ignore",
        "userDefined": false
      },
      {
        "text": " house gas",
        "userDefined": false
      }
    ],
    "isTemplate": false,
    "count": 0,
    "updated": 0
  },
  {
    "id": "91f67fd0-d6f6-4432-814a-0978ffbf12f7",
    "data": [
      {
        "text": "What are greenhouses gases?",
        "userDefined": false
      }
    ],
    "isTemplate": false,
    "count": 0,
    "updated": 0
  }
]