[
  {
    "id": "384ccc48-987a-4b11-b853-c699b8e9d588",
    "data": [
      {
        "text": "i would like to get some info about environmentalism",
        "userDefined": false
      }
    ],
    "isTemplate": false,
    "count": 0,
    "updated": 0
  },
  {
    "id": "4a89e8de-fe2c-483a-8f1a-feca22227706",
    "data": [
      {
        "text": "information about environmentalism",
        "userDefined": false
      }
    ],
    "isTemplate": false,
    "count": 0,
    "updated": 0
  },
  {
    "id": "8cd4ef20-804f-4553-8caf-a3eb6aa8d13f",
    "data": [
      {
        "text": "Define environmentalism",
        "userDefined": false
      }
    ],
    "isTemplate": false,
    "count": 0,
    "updated": 0
  },
  {
    "id": "c35084d1-408f-41d0-a17f-2072dc8baf36",
    "data": [
      {
        "text": "what is environmentalism",
        "userDefined": false
      }
    ],
    "isTemplate": false,
    "count": 0,
    "updated": 0
  }
]