[
  {
    "id": "5fc003c3-25cd-48ac-86c1-86b641d0287b",
    "data": [
      {
        "text": "suggest me resources that i can use to learn more",
        "userDefined": false
      }
    ],
    "isTemplate": false,
    "count": 0,
    "updated": 0
  },
  {
    "id": "c64fd756-d99d-45b9-aec9-4f38b81ce324",
    "data": [
      {
        "text": "give me places to learn more",
        "userDefined": false
      }
    ],
    "isTemplate": false,
    "count": 0,
    "updated": 0
  },
  {
    "id": "12d94f3c-c9b6-4201-a79a-88b89e9b723d",
    "data": [
      {
        "text": "links for environmentalism",
        "userDefined": false
      }
    ],
    "isTemplate": false,
    "count": 0,
    "updated": 0
  },
  {
    "id": "1c444542-4d9e-4564-aaff-a9a4fa992355",
    "data": [
      {
        "text": "resources about climate change",
        "userDefined": false
      }
    ],
    "isTemplate": false,
    "count": 0,
    "updated": 0
  },
  {
    "id": "9178bb8e-4078-42c6-864f-0db736cd8f1f",
    "data": [
      {
        "text": "Where can I learn more about climate change?",
        "userDefined": false
      }
    ],
    "isTemplate": false,
    "count": 0,
    "updated": 0
  }
]