[
  {
    "id": "0075f67b-7516-47fb-bb3c-29a0f03c8264",
    "data": [
      {
        "text": "help me teach according to the standards of NGSS",
        "userDefined": false
      }
    ],
    "isTemplate": false,
    "count": 0,
    "updated": 0
  },
  {
    "id": "5bdf2f06-648d-412e-aac3-3832a875abe3",
    "data": [
      {
        "text": "Where do I find additional resources about NGSS",
        "userDefined": false
      }
    ],
    "isTemplate": false,
    "count": 0,
    "updated": 0
  },
  {
    "id": "83402f7f-dd50-4092-8e4e-7749415eda76",
    "data": [
      {
        "text": "Where can I find resources to help me with NGSS?Whe",
        "userDefined": false
      }
    ],
    "isTemplate": false,
    "count": 0,
    "updated": 0
  }
]