[
  {
    "id": "51f3330d-eca3-40e2-ab06-8d5fa7e521d6",
    "data": [
      {
        "text": "what is the best renewable source of energy ",
        "userDefined": false
      }
    ],
    "isTemplate": false,
    "count": 0,
    "updated": 0
  },
  {
    "id": "841af538-4113-4510-a08d-dc4ec173ba16",
    "data": [
      {
        "text": "what energy production method is safest",
        "userDefined": false
      }
    ],
    "isTemplate": false,
    "count": 0,
    "updated": 0
  },
  {
    "id": "f34fcdff-ff2b-45fa-bedc-3ab4c7dfc478",
    "data": [
      {
        "text": "what kind of electricity production makes the least fossil fuels",
        "userDefined": false
      }
    ],
    "isTemplate": false,
    "count": 0,
    "updated": 0
  },
  {
    "id": "7705938d-bcbd-4ca4-91d4-1a579d01eb82",
    "data": [
      {
        "text": "most environmentally-friendly form of energyw",
        "userDefined": false
      }
    ],
    "isTemplate": false,
    "count": 0,
    "updated": 0
  },
  {
    "id": "210e612f-3d8a-42b2-a8ff-6490aeb196b8",
    "data": [
      {
        "text": "Which type of energy is most environmentally friendly?",
        "userDefined": false
      }
    ],
    "isTemplate": false,
    "count": 0,
    "updated": 0
  }
]