[
  {
    "id": "274e1314-6117-458b-a6ca-3d191f43aecf",
    "data": [
      {
        "text": "is weather the same as climate",
        "userDefined": false
      }
    ],
    "isTemplate": false,
    "count": 0,
    "updated": 0
  },
  {
    "id": "641eee62-65d1-4af4-b265-a83bc655eada",
    "data": [
      {
        "text": "what is causing a change in the planet\u0027s weather",
        "userDefined": false
      }
    ],
    "isTemplate": false,
    "count": 0,
    "updated": 0
  },
  {
    "id": "4c17dc7e-d66f-44bc-bfb4-f83e86c3e686",
    "data": [
      {
        "text": "Why is the weather changing?",
        "userDefined": false
      }
    ],
    "isTemplate": false,
    "count": 0,
    "updated": 0
  }
]