[
  {
    "id": "a3737e56-3f1d-4e0e-b1ef-7d0eb1fe162b",
    "data": [
      {
        "text": "what makes this global warming different",
        "userDefined": false
      }
    ],
    "isTemplate": false,
    "count": 0,
    "updated": 0
  },
  {
    "id": "36577717-669a-4828-af81-d6322fe42f75",
    "data": [
      {
        "text": "Is global warming unusual right now?",
        "userDefined": false
      }
    ],
    "isTemplate": false,
    "count": 0,
    "updated": 0
  },
  {
    "id": "5c14eae8-a740-41c2-8e18-97f0f4fcc4f4",
    "data": [
      {
        "text": "Is the current rate of global warming faster than before?",
        "userDefined": false
      }
    ],
    "isTemplate": false,
    "count": 0,
    "updated": 0
  },
  {
    "id": "0dd73511-216c-4471-922c-bd5da1e31260",
    "data": [
      {
        "text": "What is the significance of global warming now?",
        "userDefined": false
      }
    ],
    "isTemplate": false,
    "count": 0,
    "updated": 0
  },
  {
    "id": "6baa59eb-d862-4f45-b04f-5d679ed3d07d",
    "data": [
      {
        "text": "Why does global warming matter now?",
        "userDefined": false
      }
    ],
    "isTemplate": false,
    "count": 0,
    "updated": 0
  },
  {
    "id": "10104922-89fc-4cfc-bb0d-d91df395f2c7",
    "data": [
      {
        "text": "Why is the current global warming trend any different than previous warming periods in Earth\u0027s history?",
        "userDefined": false
      }
    ],
    "isTemplate": false,
    "count": 0,
    "updated": 0
  }
]