[
  {
    "id": "ba80df2b-1769-4810-b415-bd673961b4a8",
    "data": [
      {
        "text": "why are renewables useful",
        "userDefined": false
      }
    ],
    "isTemplate": false,
    "count": 0,
    "updated": 0
  },
  {
    "id": "d553ac03-ea87-4422-bf09-469e68e9d888",
    "data": [
      {
        "text": "why is clean energy an important step in the right direction",
        "userDefined": false
      }
    ],
    "isTemplate": false,
    "count": 0,
    "updated": 0
  },
  {
    "id": "b4f1449c-904b-4163-9b25-89f63f2d1cc4",
    "data": [
      {
        "text": "what is the significance of switching to renewable energy",
        "userDefined": false
      }
    ],
    "isTemplate": false,
    "count": 0,
    "updated": 0
  },
  {
    "id": "bf8f3265-70df-4611-83ef-156df1e60c48",
    "data": [
      {
        "text": "Why are renewable energy sources important?",
        "userDefined": false
      }
    ],
    "isTemplate": false,
    "count": 0,
    "updated": 0
  }
]