[
  {
    "id": "6441ad61-e1a8-4f8e-8fc2-0035e67b9e0b",
    "data": [
      {
        "text": "why are there ",
        "userDefined": false
      },
      {
        "text": "6",
        "meta": "@sys.ignore",
        "userDefined": false
      },
      {
        "text": " units in ",
        "userDefined": false
      },
      {
        "text": "green",
        "meta": "@sys.ignore",
        "userDefined": false
      },
      {
        "text": " ninja",
        "userDefined": false
      }
    ],
    "isTemplate": false,
    "count": 0,
    "updated": 0
  },
  {
    "id": "8fdf6615-930f-436a-9c06-c24c8b2873f8",
    "data": [
      {
        "text": "why does the ",
        "userDefined": false
      },
      {
        "text": "green",
        "meta": "@sys.ignore",
        "userDefined": false
      },
      {
        "text": " ninja curriculum have ",
        "userDefined": false
      },
      {
        "text": "6",
        "meta": "@sys.ignore",
        "userDefined": false
      },
      {
        "text": " units per grade as opposed to ",
        "userDefined": false
      },
      {
        "text": "4",
        "meta": "@sys.ignore",
        "userDefined": false
      }
    ],
    "isTemplate": false,
    "count": 0,
    "updated": 0
  },
  {
    "id": "404b95ad-d66d-4cb2-ba57-3fb1dfce2c15",
    "data": [
      {
        "text": "Why does ",
        "userDefined": false
      },
      {
        "text": "Green",
        "meta": "@sys.ignore",
        "userDefined": false
      },
      {
        "text": " Ninja have six units instead of the Framework\u0027s four-unit model?",
        "userDefined": false
      }
    ],
    "isTemplate": false,
    "count": 0,
    "updated": 0
  }
]