[
  {
    "id": "11f5e199-1ef6-4ab7-9eee-72a65cde8062",
    "data": [
      {
        "text": "increased rainfall ",
        "userDefined": false
      },
      {
        "text": "this year",
        "meta": "@sys.ignore",
        "userDefined": false
      }
    ],
    "isTemplate": false,
    "count": 0,
    "updated": 0
  },
  {
    "id": "c96d4197-ad92-4c8a-a204-c25696885420",
    "data": [
      {
        "text": "Why do we have more precipitation now",
        "userDefined": false
      }
    ],
    "isTemplate": false,
    "count": 0,
    "updated": 0
  },
  {
    "id": "9d447f1b-0c24-44f4-9e19-6f97db2d30d3",
    "data": [
      {
        "text": "Why has there been more rain ",
        "userDefined": false
      },
      {
        "text": "this year",
        "meta": "@sys.ignore",
        "userDefined": false
      },
      {
        "text": "?",
        "userDefined": false
      }
    ],
    "isTemplate": false,
    "count": 0,
    "updated": 0
  },
  {
    "id": "a5042b42-5044-4630-917f-923fbcd5786d",
    "data": [
      {
        "text": "Why has there been more snow this year?",
        "userDefined": false
      }
    ],
    "isTemplate": false,
    "count": 0,
    "updated": 0
  }
]