[
  {
    "id": "15f0fc3d-6a04-4556-9ed9-8b682af41250",
    "data": [
      {
        "text": "will living things die out due to global warming",
        "userDefined": false
      }
    ],
    "isTemplate": false,
    "count": 0,
    "updated": 0
  },
  {
    "id": "2a5073de-aa69-422b-817c-c40e233086c5",
    "data": [
      {
        "text": "Will global warming cause extinction?",
        "userDefined": false
      }
    ],
    "isTemplate": false,
    "count": 0,
    "updated": 0
  },
  {
    "id": "5d67f0c1-31c7-4941-9740-a9e6aea4a3e7",
    "data": [
      {
        "text": "Will climate change cause extinction?",
        "userDefined": false
      }
    ],
    "isTemplate": false,
    "count": 0,
    "updated": 0
  }
]